date|stock_name|country|option_name|strike_price|expiry_date|premium|current_probability|v21_score|v21_bucket|v21_historical_peak|v21_support_strength|ta_probability|ta_bucket|RSI_14|RSI_Slope|MACD_Hist|MACD_Slope|BB_Position|Dist_SMA50|Vol_Ratio|ADX_14|ADX_Slope|ATR_14|Stochastic_K|Stochastic_D|Sigma_Distance|Days_To_Expiry|Greeks_Delta|Greeks_Vega|Greeks_Theta|combined_score|score_difference|relative_difference|models_agree|agreement_strength
2026-02-20|Lundin Mining Corporation||LUMI6N236|236.0|2026-02-20|10||19.62857142857143|<50||68.7||N/A|60.755581775814335|12.036462944391694|0.07936694226492502|1.7361447347227976|1.0103141364911778|0.1382815137081349|0.8996959812074729|21.289058752812153|-3.4766786589594645|11.526740683399458|94.41340782122904|79.93739360912129||0|||||||False|N/A
2026-02-20|Lundin Mining Corporation||LUMI6N238|238.0|2026-02-20|150||19.62857142857143|<50||68.7||N/A|60.755581775814335|12.036462944391694|0.07936694226492502|1.7361447347227976|1.0103141364911778|0.1382815137081349|0.8996959812074729|21.289058752812153|-3.4766786589594645|11.526740683399458|94.41340782122904|79.93739360912129||0|||||||False|N/A
2026-02-20|Lundin Mining Corporation||LUMI6N240|240.0|2026-02-20|410||19.62857142857143|<50||68.7||N/A|60.755581775814335|12.036462944391694|0.07936694226492502|1.7361447347227976|1.0103141364911778|0.1382815137081349|0.8996959812074729|21.289058752812153|-3.4766786589594645|11.526740683399458|94.41340782122904|79.93739360912129||0|||||||False|N/A
2026-02-20|Lundin Mining Corporation||LUMI6N242|242.0|2026-02-20|570||19.62857142857143|<50||68.7||N/A|60.755581775814335|12.036462944391694|0.07936694226492502|1.7361447347227976|1.0103141364911778|0.1382815137081349|0.8996959812074729|21.289058752812153|-3.4766786589594645|11.526740683399458|94.41340782122904|79.93739360912129||0|||||||False|N/A
2026-02-20|Lundin Mining Corporation||LUMI6O176|176.0|2026-03-20|120||43.74|<50|1.0|68.7|0.965366778507296|90%+|60.755581775814335|12.036462944391694|0.07936694226492502|1.7361447347227976|1.0103141364911778|0.1382815137081349|0.8996959812074729|21.289058752812153|-3.4766786589594645|11.526740683399458|94.41340782122904|79.93739360912129|-496.5105122089131|20|-1.763452476991269e-06|5.833996327289442e-06|-3.5945509159105682e-06|70.1383389253648|52.7966778507296|0.7527506162772302|False|Weak
2026-02-20|Lundin Mining Corporation||LUMI6O178|178.0|2026-03-20|150||43.74|<50|1.0|68.7|0.9582916557368133|90%+|60.755581775814335|12.036462944391694|0.07936694226492502|1.7361447347227976|1.0103141364911778|0.1382815137081349|0.8996959812074729|21.289058752812153|-3.4766786589594645|11.526740683399458|94.41340782122904|79.93739360912129|-481.64492801104143|20|-3.7842948464865625e-06|1.2120016195821433e-05|-7.464022690023069e-06|69.78458278684067|52.089165573681335|0.7464279858602784|False|Weak
2026-02-20|Lundin Mining Corporation|SE|LUMI6O180|180.0|2026-03-20|180|0.972|92.34|80-100|1.0|68.7|0.9566197193566275|90%+|60.755581775814335|12.036462944391694|0.07936694226492502|1.7361447347227976|1.0103141364911778|0.1382815137081349|0.8996959812074729|21.289058752812153|-3.4766786589594645|11.526740683399458|94.41340782122904|79.93739360912129|-466.7793438131698|20|-7.85848550620054e-06|2.4350062231508736e-05|-1.4988206780878656e-05|94.00098596783138|3.321971935662745|0.035339756295743284|True|Moderate
2026-02-20|Lundin Mining Corporation||LUMI6O185|185.0|2026-03-20|135||43.74|<50|1.0|68.7|0.9478771703926763|90%+|60.755581775814335|12.036462944391694|0.07936694226492502|1.7361447347227976|1.0103141364911778|0.1382815137081349|0.8996959812074729|21.289058752812153|-3.4766786589594645|11.526740683399458|94.41340782122904|79.93739360912129|-429.6153833184907|20|-4.258511362312303e-05|0.00012112633301425657|-7.445288633821814e-05|69.26385851963381|51.04771703926763|0.7370036571785478|False|Weak
2026-02-20|Lundin Mining Corporation||LUMI6O190|190.0|2026-03-20|250||43.74|<50|1.0|68.7|0.9296012687789137|90%+|60.755581775814335|12.036462944391694|0.07936694226492502|1.7361447347227976|1.0103141364911778|0.1382815137081349|0.8996959812074729|21.289058752812153|-3.4766786589594645|11.526740683399458|94.41340782122904|79.93739360912129|-392.4514228238116|20|-0.00019209371374074048|0.0004991995803653328|-0.00030634847973232446|68.35006343894568|49.22012687789137|0.7201182325435249|False|Weak
2026-02-20|Lundin Mining Corporation||LUMI6O195|195.0|2026-03-20|400||43.74|<50|1.0|68.7|0.9362558058682333|90%+|60.755581775814335|12.036462944391694|0.07936694226492502|1.7361447347227976|1.0103141364911778|0.1382815137081349|0.8996959812074729|21.289058752812153|-3.4766786589594645|11.526740683399458|94.41340782122904|79.93739360912129|-355.28746232913244|20|-0.0007315645718096335|0.0017277087441526261|-0.0010582616307810316|68.68279029341167|49.88558058682333|0.7263184907560251|False|Weak
2026-02-20|Lundin Mining Corporation||LUMI6O200|200.0|2026-03-20|575||43.74|<50|1.0|68.7|0.9362558058682333|90%+|60.755581775814335|12.036462944391694|0.07936694226492502|1.7361447347227976|1.0103141364911778|0.1382815137081349|0.8996959812074729|21.289058752812153|-3.4766786589594645|11.526740683399458|94.41340782122904|79.93739360912129|-318.12350183445335|20|-0.0023831235132603175|0.00508352184239407|-0.003106852242338755|68.68279029341167|49.88558058682333|0.7263184907560251|False|Weak
2026-02-20|Lundin Mining Corporation||LUMI6O202|202.0|2026-03-20|638||39.553953488372095|<50|0.8604651162790697|68.7|0.9338660309241901|90%+|60.755581775814335|12.036462944391694|0.07936694226492502|1.7361447347227976|1.0103141364911778|0.1382815137081349|0.8996959812074729|21.289058752812153|-3.4766786589594645|11.526740683399458|94.41340782122904|79.93739360912129|-303.2579176365817|20|-0.003668580306813004|0.007499061176890419|-0.004578531542543334|66.47027829039556|53.832649604046914|0.8098754960655147|False|Weak
2026-02-20|Lundin Mining Corporation||LUMI6O204|204.0|2026-03-20|800||40.21058823529412|<50|0.8823529411764706|68.7|0.9338660309241901|90%+|60.755581775814335|12.036462944391694|0.07936694226492502|1.7361447347227976|1.0103141364911778|0.1382815137081349|0.8996959812074729|21.289058752812153|-3.4766786589594645|11.526740683399458|94.41340782122904|79.93739360912129|-288.39233343871|20|-0.005522810480334643|0.010805495152654936|-0.006590134824045588|66.79859566385656|53.17601485712489|0.7960648622722081|False|Weak
2026-02-20|Lundin Mining Corporation||LUMI6O205|205.0|2026-03-20|862||43.74|<50|1.0|68.7|0.9338660309241901|90%+|60.755581775814335|12.036462944391694|0.07936694226492502|1.7361447347227976|1.0103141364911778|0.1382815137081349|0.8996959812074729|21.289058752812153|-3.4766786589594645|11.526740683399458|94.41340782122904|79.93739360912129|-280.9595413397742|20|-0.006721334549378604|0.012859539725660759|-0.007838386761762888|68.5633015462095|49.64660309241901|0.7240987813131893|False|Weak
2026-02-20|Lundin Mining Corporation||LUMI6O206|206.0|2026-03-20|925||40.21058823529412|<50|0.8823529411764706|68.7|0.9310131780713373|90%+|60.755581775814335|12.036462944391694|0.07936694226492502|1.7361447347227976|1.0103141364911778|0.1382815137081349|0.8996959812074729|21.289058752812153|-3.4766786589594645|11.526740683399458|94.41340782122904|79.93739360912129|-273.5267492408384|20|-0.008136637329861925|0.015218086909499672|-0.009270502982469347|66.65595302121393|52.89072957183962|0.7934884608882062|False|Weak
2026-02-20|Lundin Mining Corporation||LUMI6O208|208.0|2026-03-20|1062||40.21058823529412|<50|0.8823529411764706|68.7|0.9127327198482164|90%+|60.755581775814335|12.036462944391694|0.07936694226492502|1.7361447347227976|1.0103141364911778|0.1382815137081349|0.8996959812074729|21.289058752812153|-3.4766786589594645|11.526740683399458|94.41340782122904|79.93739360912129|-258.66116504296673|20|-0.01173969713174456|0.020961643245549926|-0.01275326439967874|65.74193011005788|51.062683749527515|0.776714095008224|False|Weak
2026-02-20|Lundin Mining Corporation||LUMI6O210|210.0|2026-03-20|1212||42.57116883116883|<50|0.961038961038961|68.7|0.9197923939414622|90%+|60.755581775814335|12.036462944391694|0.07936694226492502|1.7361447347227976|1.0103141364911778|0.1382815137081349|0.8996959812074729|21.289058752812153|-3.4766786589594645|11.526740683399458|94.41340782122904|79.93739360912129|-243.7955808450951|20|-0.016599433067965276|0.02825552529359027|-0.017167486577828153|67.27520411265752|49.408070562977386|0.7344172524581235|False|Weak
2026-02-20|Lundin Mining Corporation||LUMI6O212|212.0|2026-03-20|1375||38.63361702127659|<50|0.8297872340425532|68.7|0.904526459930912|90%+|60.755581775814335|12.036462944391694|0.07936694226492502|1.7361447347227976|1.0103141364911778|0.1382815137081349|0.8996959812074729|21.289058752812153|-3.4766786589594645|11.526740683399458|94.41340782122904|79.93739360912129|-228.92999664722345|20|-0.02301679398382927|0.03729479338041441|-0.022626007946800364|64.54313150718389|51.8190289718146|0.8028589218055984|False|Weak
2026-02-20|Lundin Mining Corporation||LUMI6O214|214.0|2026-03-20|1525||38.406666666666666|<50|0.8222222222222222|68.7|0.9006960357911264|90%+|60.755581775814335|12.036462944391694|0.07936694226492502|1.7361447347227976|1.0103141364911778|0.1382815137081349|0.8996959812074729|21.289058752812153|-3.4766786589594645|11.526740683399458|94.41340782122904|79.93739360912129|-214.0644124493518|20|-0.03131817335621541|0.04822865765812294|-0.0292121964355841|64.23813512288966|51.662936912445986|0.8042409203444821|False|Weak
2026-02-20|Lundin Mining Corporation||LUMI6O215|215.0|2026-03-20|1650||41.597142857142856|<50|0.9285714285714286|68.7|0.9006960357911264|90%+|60.755581775814335|12.036462944391694|0.07936694226492502|1.7361447347227976|1.0103141364911778|0.1382815137081349|0.8996959812074729|21.289058752812153|-3.4766786589594645|11.526740683399458|94.41340782122904|79.93739360912129|-206.63162035041597|20|-0.03628145771309991|0.054434613426670275|-0.03294277893189636|65.83337321812775|48.472460721969796|0.7362900965345418|False|Weak
2026-02-20|Lundin Mining Corporation||LUMI6O216|216.0|2026-03-20|1762||38.63361702127659|<50|0.8297872340425532|68.7|0.9006960357911264|90%+|60.755581775814335|12.036462944391694|0.07936694226492502|1.7361447347227976|1.0103141364911778|0.1382815137081349|0.8996959812074729|21.289058752812153|-3.4766786589594645|11.526740683399458|94.41340782122904|79.93739360912129|-199.19882825148017|20|-0.04184344218681779|0.061138033562973|-0.03696626439684816|64.35161030019462|51.43598655783606|0.7992960287690034|False|Weak
2026-02-20|Lundin Mining Corporation||LUMI6O218|218.0|2026-03-20|1975||38.63361702127659|<50|0.8297872340425532|68.7|0.9004673843058187|90%+|60.755581775814335|12.036462944391694|0.07936694226492502|1.7361447347227976|1.0103141364911778|0.1382815137081349|0.8996959812074729|21.289058752812153|-3.4766786589594645|11.526740683399458|94.41340782122904|79.93739360912129|-184.3332440536085|20|-0.054930332849287|0.07601448857189935|-0.04587256238431203|64.34017772592924|51.413121409305276|0.7990826762759419|False|Weak
2026-02-20|Lundin Mining Corporation||LUMI6O220|220.0|2026-03-20|2150||41.08177215189873|<50|0.9113924050632912|68.7|0.8931293186447716|80-90%|60.755581775814335|12.036462944391694|0.07936694226492502|1.7361447347227976|1.0103141364911778|0.1382815137081349|0.8996959812074729|21.289058752812153|-3.4766786589594645|11.526740683399458|94.41340782122904|79.93739360912129|-169.46765985573685|20|-0.07089587555520054|0.09274311011592723|-0.05584941337325738|65.19735200818795|48.23115971257843|0.7397717580082274|False|Weak
2026-02-20|Lundin Mining Corporation||LUMI6O222|222.0|2026-03-20|2475||36.540000000000006|<50|0.76|68.7|0.8870846860937904|80-90%|60.755581775814335|12.036462944391694|0.07936694226492502|1.7361447347227976|1.0103141364911778|0.1382815137081349|0.8996959812074729|21.289058752812153|-3.4766786589594645|11.526740683399458|94.41340782122904|79.93739360912129|-154.6020756578652|20|-0.09001601814969185|0.11109174814566042|-0.06674298860519909|62.62423430468952|52.16846860937903|0.8330396241742548|False|Weak
2026-02-20|Lundin Mining Corporation||LUMI6O224|224.0|2026-03-20|2180||36.540000000000006|<50|0.76|68.7|0.8708691312534116|80-90%|60.755581775814335|12.036462944391694|0.07936694226492502|1.7361447347227976|1.0103141364911778|0.1382815137081349|0.8996959812074729|21.289058752812153|-3.4766786589594645|11.526740683399458|94.41340782122904|79.93739360912129|-139.73649145999357|20|-0.11250491156163528|0.13070866019031147|-0.07832644967517542|61.81345656267058|50.54691312534115|0.8177331593500735|False|Weak
2026-02-20|Lundin Mining Corporation||LUMI6O225|225.0|2026-03-20|2290||38.80849315068493|<50|0.8356164383561644|68.7|0.8624346508257463|80-90%|60.755581775814335|12.036462944391694|0.07936694226492502|1.7361447347227976|1.0103141364911778|0.1382815137081349|0.8996959812074729|21.289058752812153|-3.4766786589594645|11.526740683399458|94.41340782122904|79.93739360912129|-132.30369936105774|20|-0.12505784634566375|0.14085169501106598|-0.0842871787720709|62.525979116629784|47.4349719318897|0.7586442084083032|False|Weak
2026-02-20|Lundin Mining Corporation||LUMI6O226|226.0|2026-03-20|2420||36.540000000000006|<50|0.76|68.7|0.8560325976557038|80-90%|60.755581775814335|12.036462944391694|0.07936694226492502|1.7361447347227976|1.0103141364911778|0.1382815137081349|0.8996959812074729|21.289058752812153|-3.4766786589594645|11.526740683399458|94.41340782122904|79.93739360912129|-124.87090726212192|20|-0.138495560731421|0.15112983861205656|-0.09030510718868091|61.071629882785196|49.06325976557038|0.8033723655277829|False|Weak
2026-02-20|Lundin Mining Corporation||LUMI6O228|228.0|2026-03-20|2810||36.540000000000006|<50|0.76|68.7|0.8320650258621697|80-90%|60.755581775814335|12.036462944391694|0.07936694226492502|1.7361447347227976|1.0103141364911778|0.1382815137081349|0.8996959812074729|21.289058752812153|-3.4766786589594645|11.526740683399458|94.41340782122904|79.93739360912129|-110.00532306425028|20|-0.16802358263333206|0.17179631185710767|-0.10232772724403312|59.87325129310849|46.666502586216964|0.7794215543392139|False|Weak
2026-02-20|Lundin Mining Corporation||LUMI6O230|230.0|2026-03-20|3090||35.406666666666666|<50|0.7222222222222222|68.7|0.7614765876940341|70-80%|60.755581775814335|12.036462944391694|0.07936694226492502|1.7361447347227976|1.0103141364911778|0.1382815137081349|0.8996959812074729|21.289058752812153|-3.4766786589594645|11.526740683399458|94.41340782122904|79.93739360912129|-95.13973886637862|20|-0.2010156604175235|0.192080611046236|-0.11400343323447852|55.777162718035044|40.740992102736755|0.7304242474413909|False|Weak
2026-02-20|Lundin Mining Corporation||LUMI6O232|232.0|2026-03-20|3390||32.25063829787234|<50|0.6170212765957447|68.7|0.6635898233628856|60-70%|60.755581775814335|12.036462944391694|0.07936694226492502|1.7361447347227976|1.0103141364911778|0.1382815137081349|0.8996959812074729|21.289058752812153|-3.4766786589594645|11.526740683399458|94.41340782122904|79.93739360912129|-80.27415466850698|20|-0.23728394402984693|0.21132053146297744|-0.12492299633825203|49.30481031708045|34.10834403841622|0.6917853211292087|False|Weak
2026-02-20|Lundin Mining Corporation||LUMI6O234|234.0|2026-03-20|3710||32.25063829787234|<50|0.6170212765957447|68.7|0.6068795154793711|60-70%|60.755581775814335|12.036462944391694|0.07936694226492502|1.7361447347227976|1.0103141364911778|0.1382815137081349|0.8996959812074729|21.289058752812153|-3.4766786589594645|11.526740683399458|94.41340782122904|79.93739360912129|-65.40857047063533|20|-0.27652715774033687|0.2288574452409967|-0.13468277626296826|46.46929492290472|28.43731325006477|0.6119592151601166|False|Weak
2026-02-20|Lundin Mining Corporation||LUMI6O235|235.0|2026-03-20|3860||33.47684210526316|<50|0.6578947368421053|68.7|0.5811274193745406|50-60%|60.755581775814335|12.036462944391694|0.07936694226492502|1.7361447347227976|1.0103141364911778|0.1382815137081349|0.8996959812074729|21.289058752812153|-3.4766786589594645|11.526740683399458|94.41340782122904|79.93739360912129|-57.975778371699505|20|-0.29714103025602123|0.23679219749195624|-0.13900919519462548|45.79479202135861|24.6358998321909|0.537962915536351|False|Weak
2026-02-20|Lundin Mining Corporation||LUMI6O236|236.0|2026-03-20|4040||19.62857142857143|<50||68.7|0.5413611986074155|50-60%|60.755581775814335|12.036462944391694|0.07936694226492502|1.7361447347227976|1.0103141364911778|0.1382815137081349|0.8996959812074729|21.289058752812153|-3.4766786589594645|11.526740683399458|94.41340782122904|79.93739360912129|-50.542986272763684|20|-0.3183385901453364|0.24407586002521905|-0.14290923972893863|36.88234564465649|34.507548432170125|0.9356115460939936|False|Weak
2026-02-20|Lundin Mining Corporation||LUMI6O238|238.0|2026-03-20|4390||19.62857142857143|<50||68.7|0.42075175632612655|<50%|60.755581775814335|12.036462944391694|0.07936694226492502|1.7361447347227976|1.0103141364911778|0.1382815137081349|0.8996959812074729|21.289058752812153|-3.4766786589594645|11.526740683399458|94.41340782122904|79.93739360912129|-35.677402074892036|20|-0.3622205316983394|0.256440744963271|-0.1492818935533032|30.851873530592044|22.446604204041225|0.7275604893746133|False|Weak
2026-02-20|Lundin Mining Corporation||LUMI6O240|240.0|2026-03-20|4790||19.62857142857143|<50||68.7|0.33938129163406944|<50%|60.755581775814335|12.036462944391694|0.07936694226492502|1.7361447347227976|1.0103141364911778|0.1382815137081349|0.8996959812074729|21.289058752812153|-3.4766786589594645|11.526740683399458|94.41340782122904|79.93739360912129|-20.811817877020392|20|-0.4076041604785523|0.265529378284291|-0.15355263132616975|26.783350295989187|14.309557734835511|0.5342706411519537|False|Weak
2026-02-20|Lundin Mining Corporation||LUMI6O242|242.0|2026-03-20|5190||19.62857142857143|<50||68.7|0.2688011895563143|<50%|60.755581775814335|12.036462944391694|0.07936694226492502|1.7361447347227976|1.0103141364911778|0.1382815137081349|0.8996959812074729|21.289058752812153|-3.4766786589594645|11.526740683399458|94.41340782122904|79.93739360912129|-5.946233679148743|20|-0.45387342257361984|0.27105506919973865|-0.15555988021404307|23.254345192101432|7.251547527060001|0.3118362382236874|False|Weak
2026-02-20|Lundin Mining Corporation||LUMI6P175|175.0|2026-04-17|480||43.74|<50|1.0|68.7|0.9211353784606302|90%+|60.755581775814335|12.036462944391694|0.07936694226492502|1.7361447347227976|1.0103141364911778|0.1382815137081349|0.8996959812074729|21.289058752812153|-3.4766786589594645|11.526740683399458|94.41340782122904|79.93739360912129|-365.5988986773067|38|-0.00026203916358471055|0.000919406423902827|-0.0002946715055932842|67.92676892303152|48.37353784606302|0.7121424824560042|False|Weak
2026-02-20|Lundin Mining Corporation||LUMI6P178|178.0|2026-04-17|570||43.74|<50|1.0|68.7|0.9222632031178668|90%+|60.755581775814335|12.036462944391694|0.07936694226492502|1.7361447347227976|1.0103141364911778|0.1382815137081349|0.8996959812074729|21.289058752812153|-3.4766786589594645|11.526740683399458|94.41340782122904|79.93739360912129|-349.4219562579568|38|-0.0004955338079149172|0.0016617532074239127|-0.0005319302897959003|67.98316015589334|48.48632031178668|0.7132107451404417|False|Weak
2026-02-20|Lundin Mining Corporation||LUMI6P180|180.0|2026-04-17|660||43.74|<50|1.0|68.7|0.9238098046644682|90%+|60.755581775814335|12.036462944391694|0.07936694226492502|1.7361447347227976|1.0103141364911778|0.1382815137081349|0.8996959812074729|21.289058752812153|-3.4766786589594645|11.526740683399458|94.41340782122904|79.93739360912129|-338.63732797839026|38|-0.0007415838013051831|0.0024115215553458854|-0.0007712500324533751|68.0604902332234|48.64098046644681|0.7146727903335458|False|Weak
2026-02-20|Lundin Mining Corporation||LUMI6P185|185.0|2026-04-17|700||42.57116883116883|<50|0.961038961038961|68.7|0.9173146537308148|90%+|60.755581775814335|12.036462944391694|0.07936694226492502|1.7361447347227976|1.0103141364911778|0.1382815137081349|0.8996959812074729|21.289058752812153|-3.4766786589594645|11.526740683399458|94.41340782122904|79.93739360912129|-311.6757572794739|38|-0.0018914052088093295|0.005682237258666325|-0.0018129020113247958|67.15131710212515|49.16029654191264|0.7320823874109367|False|Weak
2026-02-20|Lundin Mining Corporation||LUMI6P190|190.0|2026-04-17|950||41.597142857142856|<50|0.9285714285714286|68.7|0.9214050422219673|90%+|60.755581775814335|12.036462944391694|0.07936694226492502|1.7361447347227976|1.0103141364911778|0.1382815137081349|0.8996959812074729|21.289058752812153|-3.4766786589594645|11.526740683399458|94.41340782122904|79.93739360912129|-284.71418658055745|38|-0.004383297644063505|0.012122683316348654|-0.0038570742366569764|66.86882353966979|50.54336136505387|0.75585839094461|False|Weak
2026-02-20|Lundin Mining Corporation||LUMI6P195|195.0|2026-04-17|1250||41.307567567567574|<50|0.918918918918919|68.7|0.9185174747580762|90%+|60.755581775814335|12.036462944391694|0.07936694226492502|1.7361447347227976|1.0103141364911778|0.1382815137081349|0.8996959812074729|21.289058752812153|-3.4766786589594645|11.526740683399458|94.41340782122904|79.93739360912129|-257.752615881641|38|-0.00929986001247004|0.023584303801570693|-0.007480137448526336|66.57965752168761|50.544179908240054|0.7591534980752316|False|Weak
2026-02-20|Lundin Mining Corporation||LUMI6P200|200.0|2026-04-17|1650||41.08177215189873|<50|0.9113924050632912|68.7|0.8995456035522725|80-90%|60.755581775814335|12.036462944391694|0.07936694226492502|1.7361447347227976|1.0103141364911778|0.1382815137081349|0.8996959812074729|21.289058752812153|-3.4766786589594645|11.526740683399458|94.41340782122904|79.93739360912129|-230.79104518272462|38|-0.018189508138946313|0.042112242839903474|-0.013307811929319718|65.518166253563|48.872788203328525|0.7459425530040797|False|Weak
2026-02-20|Lundin Mining Corporation||LUMI6P205|205.0|2026-04-17|2100||38.80849315068493|<50|0.8356164383561644|68.7|0.8884896732617825|80-90%|60.755581775814335|12.036462944391694|0.07936694226492502|1.7361447347227976|1.0103141364911778|0.1382815137081349|0.8996959812074729|21.289058752812153|-3.4766786589594645|11.526740683399458|94.41340782122904|79.93739360912129|-203.82947448380818|38|-0.033008119306595786|0.06942625349794657|-0.021845844110209865|63.82873023843159|50.04047417549332|0.7839804111497695|False|Weak
2026-02-20|Lundin Mining Corporation||LUMI6P210|210.0|2026-04-17|2725||40.46155688622754|<50|0.8907185628742516|68.7|0.885293299909053|80-90%|60.755581775814335|12.036462944391694|0.07936694226492502|1.7361447347227976|1.0103141364911778|0.1382815137081349|0.8996959812074729|21.289058752812153|-3.4766786589594645|11.526740683399458|94.41340782122904|79.93739360912129|-176.86790378489178|38|-0.055907174401374146|0.1062472414952884|-0.03326446076384046|64.49544343856641|48.067773104677755|0.745289442818756|False|Weak
2026-02-20|Lundin Mining Corporation||LUMI6P215|215.0|2026-04-17|3362||38.26966714905933|<50|0.8176555716353111|68.7|0.8497963048780125|80-90%|60.755581775814335|12.036462944391694|0.07936694226492502|1.7361447347227976|1.0103141364911778|0.1382815137081349|0.8996959812074729|21.289058752812153|-3.4766786589594645|11.526740683399458|94.41340782122904|79.93739360912129|-149.90633308597535|38|-0.088875965739107|0.15168456123419646|-0.04720723669797908|61.62464881843029|46.709963338741915|0.757975326989161|False|Weak
2026-02-20|Lundin Mining Corporation||LUMI6P220|220.0|2026-04-17|4138||34.64782122905028|<50|0.696927374301676|68.7|0.8310417805154996|80-90%|60.755581775814335|12.036462944391694|0.07936694226492502|1.7361447347227976|1.0103141364911778|0.1382815137081349|0.8996959812074729|21.289058752812153|-3.4766786589594645|11.526740683399458|94.41340782122904|79.93739360912129|-122.94476238705893|38|-0.133305669650568|0.20294065675641196|-0.06270687595333543|58.87599964030012|48.456356822499686|0.8230239336663716|False|Weak
2026-02-20|Lundin Mining Corporation||LUMI6P225|225.0|2026-04-17|3950||34.365|<50|0.6875|68.7|0.7270574988607059|70-80%|60.755581775814335|12.036462944391694|0.07936694226492502|1.7361447347227976|1.0103141364911778|0.1382815137081349|0.8996959812074729|21.289058752812153|-3.4766786589594645|11.526740683399458|94.41340782122904|79.93739360912129|-95.98319168814251|38|-0.1895886753607703|0.25551458331900617|-0.07826433049084852|53.53537494303529|38.34074988607059|0.7161759850728111|False|Weak
2026-02-20|Lundin Mining Corporation||LUMI6P230|230.0|2026-04-17|4710||32.83090909090909|<50|0.6363636363636364|68.7|0.5441873974736217|50-60%|60.755581775814335|12.036462944391694|0.07936694226492502|1.7361447347227976|1.0103141364911778|0.1382815137081349|0.8996959812074729|21.289058752812153|-3.4766786589594645|11.526740683399458|94.41340782122904|79.93739360912129|-69.0216209892261|38|-0.25687361308258794|0.3039154342238328|-0.09209131167157202|43.62482441913563|21.58783065645308|0.49485197806283376|False|Weak
2026-02-20|Lundin Mining Corporation||LUMI6P235|235.0|2026-04-17|5590||31.38023210831722|<50|0.5880077369439072|68.7|0.44003106731430786|<50%|60.755581775814335|12.036462944391694|0.07936694226492502|1.7361447347227976|1.0103141364911778|0.1382815137081349|0.8996959812074729|21.289058752812153|-3.4766786589594645|11.526740683399458|94.41340782122904|79.93739360912129|-42.060050290309675|38|-0.33305817153903|0.34270631308765326|-0.10245467771765795|37.691669419874|12.622874623113564|0.3348982631280798|False|Weak
2026-02-20|Lundin Mining Corporation||LUMI6P240|240.0|2026-04-17|6550||19.62857142857143|<50||68.7|0.2964838683173437|<50%|60.755581775814335|12.036462944391694|0.07936694226492502|1.7361447347227976|1.0103141364911778|0.1382815137081349|0.8996959812074729|21.289058752812153|-3.4766786589594645|11.526740683399458|94.41340782122904|79.93739360912129|-15.098479591393255|38|-0.4150323921422565|0.3675769222476271|-0.10802285564527002|24.638479130152902|10.01981540316294|0.40667345375634634|False|Weak
2026-02-20|Lundin Mining Corporation||LUMI6Q180|180.0|2026-05-15|1470||40.774883720930234|<50|0.9011627906976744|68.7|0.8945129208678043|80-90%|60.755581775814335|12.036462944391694|0.07936694226492502|1.7361447347227976|1.0103141364911778|0.1382815137081349|0.8996959812074729|21.289058752812153|-3.4766786589594645|11.526740683399458|94.41340782122904|79.93739360912129|-278.9540129859178|56|-0.0039656629449688575|0.01345550334541914|-0.0028845069512856755|65.11308790385533|48.67640836585019|0.7475671932150537|False|Weak
2026-02-20|Lundin Mining Corporation||LUMI6Q185|185.0|2026-05-15|1525||40.46155688622754|<50|0.8907185628742516|68.7|0.9016898224684333|90%+|60.755581775814335|12.036462944391694|0.07936694226492502|1.7361447347227976|1.0103141364911778|0.1382815137081349|0.8996959812074729|21.289058752812153|-3.4766786589594645|11.526740683399458|94.41340782122904|79.93739360912129|-256.744298576211|56|-0.007707246057169968|0.024279046992213407|-0.0051876740740280074|65.31526956653543|49.70742536061579|0.7610383558163191|False|Weak
2026-02-20|Lundin Mining Corporation||LUMI6Q190|190.0|2026-05-15|1900||38.26966714905933|<50|0.8176555716353111|68.7|0.8839508571458653|80-90%|60.755581775814335|12.036462944391694|0.07936694226492502|1.7361447347227976|1.0103141364911778|0.1382815137081349|0.8996959812074729|21.289058752812153|-3.4766786589594645|11.526740683399458|94.41340782122904|79.93739360912129|-234.53458416650417|56|-0.01403868031629964|0.040943390342883294|-0.008715873214673415|63.33237643182293|50.1254185655272|0.7914659355864694|False|Weak
2026-02-20|Lundin Mining Corporation||LUMI6Q195|195.0|2026-05-15|2325||37.45592539454806|<50|0.7905308464849354|68.7|0.8798530174609882|80-90%|60.755581775814335|12.036462944391694|0.07936694226492502|1.7361447347227976|1.0103141364911778|0.1382815137081349|0.8996959812074729|21.289058752812153|-3.4766786589594645|11.526740683399458|94.41340782122904|79.93739360912129|-212.32486975679734|56|-0.024089029816431816|0.06484267944467813|-0.013745379651887742|62.720613570323444|50.529376351550766|0.8056263080860385|False|Weak
2026-02-20|Lundin Mining Corporation||LUMI6Q200|200.0|2026-05-15|2862||34.64782122905028|<50|0.696927374301676|68.7|0.8764666143942309|80-90%|60.755581775814335|12.036462944391694|0.07936694226492502|1.7361447347227976|1.0103141364911778|0.1382815137081349|0.8996959812074729|21.289058752812153|-3.4766786589594645|11.526740683399458|94.41340782122904|79.93739360912129|-190.1151553470905|56|-0.03912210016261667|0.09686766185123227|-0.020435431846834877|61.14724133423668|52.998840210372805|0.8667413125095221|False|Weak
2026-02-20|Lundin Mining Corporation||LUMI6Q205|205.0|2026-05-15|3450||34.64782122905028|<50|0.696927374301676|68.7|0.8530024862549872|80-90%|60.755581775814335|12.036462944391694|0.07936694226492502|1.7361447347227976|1.0103141364911778|0.1382815137081349|0.8996959812074729|21.289058752812153|-3.4766786589594645|11.526740683399458|94.41340782122904|79.93739360912129|-167.9054409373837|56|-0.06039790034422371|0.13705191654773047|-0.028753276761754844|59.9740349272745|50.652427396448445|0.8445726130961575|False|Weak
2026-02-20|Lundin Mining Corporation||LUMI6Q210|210.0|2026-05-15|4150||33.436551724137935|<50|0.6565517241379311|68.7|0.8369233324320726|80-90%|60.755581775814335|12.036462944391694|0.07936694226492502|1.7361447347227976|1.0103141364911778|0.1382815137081349|0.8996959812074729|21.289058752812153|-3.4766786589594645|11.526740683399458|94.41340782122904|79.93739360912129|-145.69572652767687|56|-0.08899535364487016|0.18432218423719188|-0.03842368400333059|58.56444248367259|50.25578151906932|0.8581278910506205|False|Weak
2026-02-20|Lundin Mining Corporation||LUMI6Q215|215.0|2026-05-15|4888||32.74414937759336|<50|0.6334716459197787|68.7|0.8127711119024408|80-90%|60.755581775814335|12.036462944391694|0.07936694226492502|1.7361447347227976|1.0103141364911778|0.1382815137081349|0.8996959812074729|21.289058752812153|-3.4766786589594645|11.526740683399458|94.41340782122904|79.93739360912129|-123.48601211797003|56|-0.12562787960984972|0.23643941784599865|-0.048921352717728905|57.01063028391872|48.532961812650726|0.8512967067887454|False|Weak
2026-02-20|Lundin Mining Corporation||LUMI6Q220|220.0|2026-05-15|5775||31.38023210831722|<50|0.5880077369439072|68.7|0.7586176147955124|70-80%|60.755581775814335|12.036462944391694|0.07936694226492502|1.7361447347227976|1.0103141364911778|0.1382815137081349|0.8996959812074729|21.289058752812153|-3.4766786589594645|11.526740683399458|94.41340782122904|79.93739360912129|-101.2762977082632|56|-0.17048965368157298|0.29017174646834415|-0.059514292208369374|53.620996793934225|44.48152937123402|0.8295543169810283|False|Weak
2026-02-20|Lundin Mining Corporation||LUMI6Q225|225.0|2026-05-15|5330||31.38023210831722|<50|0.5880077369439072|68.7|0.5877872667273888|50-60%|60.755581775814335|12.036462944391694|0.07936694226492502|1.7361447347227976|1.0103141364911778|0.1382815137081349|0.8996959812074729|21.289058752812153|-3.4766786589594645|11.526740683399458|94.41340782122904|79.93739360912129|-79.06658329855637|56|-0.22316623852705209|0.341678976529164|-0.06935261174694346|45.07947939052805|27.398494564421657|0.6077819649837957|False|Weak
2026-02-20|Lundin Mining Corporation||LUMI6Q230|230.0|2026-05-15|6170||31.38023210831722|<50|0.5880077369439072|68.7|0.476649600017396|<50%|60.755581775814335|12.036462944391694|0.07936694226492502|1.7361447347227976|1.0103141364911778|0.1382815137081349|0.8996959812074729|21.289058752812153|-3.4766786589594645|11.526740683399458|94.41340782122904|79.93739360912129|-56.85686888884953|56|-0.2826299777783742|0.3870317660999438|-0.07758491851402552|39.52259605502841|16.28472789342238|0.4120358862749983|False|Weak
2026-02-20|Lundin Mining Corporation||LUMI6Q235|235.0|2026-05-15|7110||19.62857142857143|<50||68.7|0.3644402213445247|<50%|60.755581775814335|12.036462944391694|0.07936694226492502|1.7361447347227976|1.0103141364911778|0.1382815137081349|0.8996959812074729|21.289058752812153|-3.4766786589594645|11.526740683399458|94.41340782122904|79.93739360912129|-34.647154479142706|56|-0.34732219230692907|0.42275558080485764|-0.08347768071056612|28.03629678151195|16.815450705881037|0.599774315307209|False|Weak
2026-02-20|Lundin Mining Corporation||LUMI6Q240|240.0|2026-05-15|8090||19.62857142857143|<50||68.7|0.2783118690903202|<50%|60.755581775814335|12.036462944391694|0.07936694226492502|1.7361447347227976|1.0103141364911778|0.1382815137081349|0.8996959812074729|21.289058752812153|-3.4766786589594645|11.526740683399458|94.41340782122904|79.93739360912129|-12.437440069435876|56|-0.41530626623953176|0.44628862534022207|-0.08651323905604309|23.729879168801723|8.20261548046059|0.3456661292757351|False|Weak
2026-02-20|Lundin Mining Corporation||LUMI6R140|140.0|2026-06-18|480||43.74|<50|1.0|68.7|0.8776766768748694|80-90%|60.755581775814335|12.036462944391694|0.07936694226492502|1.7361447347227976|1.0103141364911778|0.1382815137081349|0.8996959812074729|21.289058752812153|-3.4766786589594645|11.526740683399458|94.41340782122904|79.93739360912129|-382.0455138853014|80|-2.59520708031811e-05|0.00015160935556860703|-2.2914479998119286e-05|65.75383384374346|44.02766768748693|0.6695832792368228|False|Weak
2026-02-20|Lundin Mining Corporation||LUMI6R145|145.0|2026-06-18|641||43.74|<50|1.0|68.7|0.8563380895837582|80-90%|60.755581775814335|12.036462944391694|0.07936694226492502|1.7361447347227976|1.0103141364911778|0.1382815137081349|0.8996959812074729|21.289058752812153|-3.4766786589594645|11.526740683399458|94.41340782122904|79.93739360912129|-363.4635336379618|80|-7.300495424128204e-05|0.0004028040470679465|-6.07556772297122e-05|64.68690447918792|41.89380895837582|0.6476397239236352|False|Weak
2026-02-20|Lundin Mining Corporation||LUMI6R150|150.0|2026-06-18|847||43.74|<50|1.0|68.7|0.8353641581298961|80-90%|60.755581775814335|12.036462944391694|0.07936694226492502|1.7361447347227976|1.0103141364911778|0.1382815137081349|0.8996959812074729|21.289058752812153|-3.4766786589594645|11.526740683399458|94.41340782122904|79.93739360912129|-344.88155339062223|80|-0.00018749833578346283|0.0009760573605762257|-0.00014689339948858253|63.6382079064948|39.7964158129896|0.6253541248594471|False|Weak
2026-02-20|Lundin Mining Corporation||LUMI6R155|155.0|2026-06-18|900||43.74|<50|1.0|68.7|0.83169933872529|80-90%|60.755581775814335|12.036462944391694|0.07936694226492502|1.7361447347227976|1.0103141364911778|0.1382815137081349|0.8996959812074729|21.289058752812153|-3.4766786589594645|11.526740683399458|94.41340782122904|79.93739360912129|-326.2995731432827|80|-0.0004432076360216442|0.0021742980814651483|-0.0003264338319947073|63.4549669362645|39.429933872529|0.621384515291502|False|Weak
2026-02-20|Lundin Mining Corporation||LUMI6R160|160.0|2026-06-18|1140||43.74|<50|1.0|68.7|0.8364454618395343|80-90%|60.755581775814335|12.036462944391694|0.07936694226492502|1.7361447347227976|1.0103141364911778|0.1382815137081349|0.8996959812074729|21.289058752812153|-3.4766786589594645|11.526740683399458|94.41340782122904|79.93739360912129|-307.71759289594314|80|-0.0009711888443157725|0.004484287183424566|-0.000671463953362825|63.692273091976716|39.90454618395342|0.6265209929990735|False|Weak
2026-02-20|Lundin Mining Corporation||LUMI6R165|165.0|2026-06-18|1410||43.74|<50|1.0|68.7|0.8222331797649325|80-90%|60.755581775814335|12.036462944391694|0.07936694226492502|1.7361447347227976|1.0103141364911778|0.1382815137081349|0.8996959812074729|21.289058752812153|-3.4766786589594645|11.526740683399458|94.41340782122904|79.93739360912129|-289.13561264860357|80|-0.0019855575127456244|0.008616642027118948|-0.0012865052752312944|62.98165898824662|38.48331797649325|0.6110242028345878|False|Weak
2026-02-20|Lundin Mining Corporation||LUMI6R170|170.0|2026-06-18|1740||42.189848024316106|<50|0.9483282674772036|68.7|0.8335340201869968|80-90%|60.755581775814335|12.036462944391694|0.07936694226492502|1.7361447347227976|1.0103141364911778|0.1382815137081349|0.8996959812074729|21.289058752812153|-3.4766786589594645|11.526740683399458|94.41340782122904|79.93739360912129|-270.553632401264|80|-0.0038094011141767132|0.015513410424540354|-0.0023088770019208636|62.771625021507894|41.16355399438358|0.6557669007338811|False|Weak
2026-02-20|Lundin Mining Corporation||LUMI6R175|175.0|2026-06-18|2040||41.97262839879154|<50|0.9410876132930514|68.7|0.824524345124957|80-90%|60.755581775814335|12.036462944391694|0.07936694226492502|1.7361447347227976|1.0103141364911778|0.1382815137081349|0.8996959812074729|21.289058752812153|-3.4766786589594645|11.526740683399458|94.41340782122904|79.93739360912129|-251.97165215392445|80|-0.00689435723746379|0.02630307609246989|-0.0039010169264643863|62.21253145564362|40.47980611370416|0.6506696507369341|False|Weak
2026-02-20|Lundin Mining Corporation||LUMI6R180|180.0|2026-06-18|2460||41.49988286969254|<50|0.9253294289897512|68.7|0.8159855068792101|80-90%|60.755581775814335|12.036462944391694|0.07936694226492502|1.7361447347227976|1.0103141364911778|0.1382815137081349|0.8996959812074729|21.289058752812153|-3.4766786589594645|11.526740683399458|94.41340782122904|79.93739360912129|-233.3896719065849|80|-0.011826241057447062|0.04219134652462329|-0.00623317004407282|61.54921677880677|40.09866781822846|0.6514894894980309|False|Weak
2026-02-20|Lundin Mining Corporation||LUMI6R185|185.0|2026-06-18|2525||41.49988286969254|<50|0.9253294289897512|68.7|0.8161893112270363|80-90%|60.755581775814335|12.036462944391694|0.07936694226492502|1.7361447347227976|1.0103141364911778|0.1382815137081349|0.8996959812074729|21.289058752812153|-3.4766786589594645|11.526740683399458|94.41340782122904|79.93739360912129|-214.80769165924534|80|-0.019309940531650648|0.06429155627269009|-0.00945725405907297|61.559406996198085|40.11904825301109|0.6517127147681725|False|Weak
2026-02-20|Lundin Mining Corporation||LUMI6R190|190.0|2026-06-18|3025||40.774883720930234|<50|0.9011627906976744|68.7|0.8039920485840677|80-90%|60.755581775814335|12.036462944391694|0.07936694226492502|1.7361447347227976|1.0103141364911778|0.1382815137081349|0.8996959812074729|21.289058752812153|-3.4766786589594645|11.526740683399458|94.41340782122904|79.93739360912129|-196.2257114119058|80|-0.030129861416414102|0.0934169159500704|-0.013675498930220718|60.587044289668505|39.62432113747654|0.654006505879895|False|Weak
2026-02-20|Lundin Mining Corporation||LUMI6R195|195.0|2026-06-18|3575||40.46155688622754|<50|0.8907185628742516|68.7|0.7888766944295404|70-80%|60.755581775814335|12.036462944391694|0.07936694226492502|1.7361447347227976|1.0103141364911778|0.1382815137081349|0.8996959812074729|21.289058752812153|-3.4766786589594645|11.526740683399458|94.41340782122904|79.93739360912129|-177.64373116456622|80|-0.04508697712763509|0.12987218522995253|-0.018909716306359885|59.674613164590795|38.42611255672651|0.6439273003872183|False|Weak
2026-02-20|Lundin Mining Corporation||LUMI6R200|200.0|2026-06-18|4200||38.26966714905933|<50|0.8176555716353111|68.7|0.7850724497644602|70-80%|60.755581775814335|12.036462944391694|0.07936694226492502|1.7361447347227976|1.0103141364911778|0.1382815137081349|0.8996959812074729|21.289058752812153|-3.4766786589594645|11.526740683399458|94.41340782122904|79.93739360912129|-159.06175091722668|80|-0.06491885041814957|0.173289119950971|-0.025077954248964692|58.388456062752674|40.23757782738669|0.6891358419229577|False|Weak
2026-02-20|Lundin Mining Corporation||LUMI6R210|210.0|2026-06-18|5662||34.64782122905028|<50|0.696927374301676|68.7|0.7462875760604246|70-80%|60.755581775814335|12.036462944391694|0.07936694226492502|1.7361447347227976|1.0103141364911778|0.1382815137081349|0.8996959812074729|21.289058752812153|-3.4766786589594645|11.526740683399458|94.41340782122904|79.93739360912129|-121.89779042254754|80|-0.12132950022604416|0.27579100910176135|-0.03932611511727459|54.63828941754637|39.980936376992176|0.731738434771584|False|Weak
2026-02-20|Lundin Mining Corporation||LUMI6R220|220.0|2026-06-18|7500||33.436551724137935|<50|0.6565517241379311|68.7|0.6294718277859606|60-70%|60.755581775814335|12.036462944391694|0.07936694226492502|1.7361447347227976|1.0103141364911778|0.1382815137081349|0.8996959812074729|21.289058752812153|-3.4766786589594645|11.526740683399458|94.41340782122904|79.93739360912129|-84.73382992786843|80|-0.20098529041753266|0.38412640362349715|-0.05372036044854609|48.191867251367|29.510631054458123|0.6123570788517441|False|Weak
2026-02-20|Lundin Mining Corporation||LUMI6R230|230.0|2026-06-18|7630||31.38023210831722|<50|0.5880077369439072|68.7|0.46486660848816735|<50%|60.755581775814335|12.036462944391694|0.07936694226492502|1.7361447347227976|1.0103141364911778|0.1382815137081349|0.8996959812074729|21.289058752812153|-3.4766786589594645|11.526740683399458|94.41340782122904|79.93739360912129|-47.56986943318931|80|-0.30065038749975714|0.4761172510941919|-0.06486414451650514|38.93344647856698|15.106428740499513|0.38800645991655697|False|Weak
2026-02-20|Lundin Mining Corporation||LUMI6R240|240.0|2026-06-18|9570||19.62857142857143|<50||68.7|0.3071077933585333|<50%|60.755581775814335|12.036462944391694|0.07936694226492502|1.7361447347227976|1.0103141364911778|0.1382815137081349|0.8996959812074729|21.289058752812153|-3.4766786589594645|11.526740683399458|94.41340782122904|79.93739360912129|-10.405908938510196|80|-0.4127846675264534|0.532667847694004|-0.06997600152478138|25.16967538221238|11.082207907281898|0.440299993503841|False|Weak
2026-02-20|Lundin Mining Corporation||LUMI6U130|130.0|2026-09-18|1210||43.74|<50|1.0|68.7|0.7926841712532762|70-80%|60.755581775814335|12.036462944391694|0.07936694226492502|1.7361447347227976|1.0103141364911778|0.1382815137081349|0.8996959812074729|21.289058752812153|-3.4766786589594645|11.526740683399458|94.41340782122904|79.93739360912129|-311.38098044805855|145|-0.00025066299398619746|0.0017231839001403174|-0.0001409415025619055|61.504208562663806|35.528417125327614|0.5776583091729299|False|Weak
2026-02-20|Lundin Mining Corporation||LUMI6U135|135.0|2026-09-18|1285||43.74|<50|1.0|68.7|0.7736621668144499|70-80%|60.755581775814335|12.036462944391694|0.07936694226492502|1.7361447347227976|1.0103141364911778|0.1382815137081349|0.8996959812074729|21.289058752812153|-3.4766786589594645|11.526740683399458|94.41340782122904|79.93739360912129|-297.5786320239425|145|-0.0005171369432211282|0.003376858710670992|-0.0002753739282744783|60.55310834072249|33.62621668144498|0.5553177632473585|False|Weak
2026-02-20|Lundin Mining Corporation||LUMI6U140|140.0|2026-09-18|1530||42.189848024316106|<50|0.9483282674772036|68.7|0.7736621668144499|70-80%|60.755581775814335|12.036462944391694|0.07936694226492502|1.7361447347227976|1.0103141364911778|0.1382815137081349|0.8996959812074729|21.289058752812153|-3.4766786589594645|11.526740683399458|94.41340782122904|79.93739360912129|-283.7762835998264|145|-0.0010032823444500387|0.006220041300304391|-0.0005056088401455665|59.778032352880544|35.176368657128876|0.5884497577550964|False|Weak
2026-02-20|Lundin Mining Corporation||LUMI6U145|145.0|2026-09-18|1845||42.189848024316106|<50|0.9483282674772036|68.7|0.7685307764656683|70-80%|60.755581775814335|12.036462944391694|0.07936694226492502|1.7361447347227976|1.0103141364911778|0.1382815137081349|0.8996959812074729|21.289058752812153|-3.4766786589594645|11.526740683399458|94.41340782122904|79.93739360912129|-269.9739351757103|145|-0.0018408789158774804|0.010829846846958091|-0.0008773123195005816|59.52146283544147|34.663229622250725|0.5823652170324491|False|Weak
2026-02-20|Lundin Mining Corporation||LUMI6U150|150.0|2026-09-18|2230||41.97262839879154|<50|0.9410876132930514|68.7|0.7736621668144499|70-80%|60.755581775814335|12.036462944391694|0.07936694226492502|1.7361447347227976|1.0103141364911778|0.1382815137081349|0.8996959812074729|21.289058752812153|-3.4766786589594645|11.526740683399458|94.41340782122904|79.93739360912129|-256.17158675159425|145|-0.0032107530389595277|0.017912778442973537|-0.0014457508825177399|59.66942254011826|35.39358828265344|0.5931612336093389|False|Weak
2026-02-20|Lundin Mining Corporation||LUMI6U160|160.0|2026-09-18|2670||41.49988286969254|<50|0.9253294289897512|68.7|0.7649615456964375|70-80%|60.755581775814335|12.036462944391694|0.07936694226492502|1.7361447347227976|1.0103141364911778|0.1382815137081349|0.8996959812074729|21.289058752812153|-3.4766786589594645|11.526740683399458|94.41340782122904|79.93739360912129|-228.56688990336212|145|-0.008536823574022585|0.04274033877694433|-0.0034212001304472577|58.998018719668146|34.99627169995121|0.5931770669492756|False|Weak
2026-02-20|Lundin Mining Corporation||LUMI6U170|170.0|2026-09-18|3750||41.49988286969254|<50|0.9253294289897512|68.7|0.7591946457417963|70-80%|60.755581775814335|12.036462944391694|0.07936694226492502|1.7361447347227976|1.0103141364911778|0.1382815137081349|0.8996959812074729|21.289058752812153|-3.4766786589594645|11.526740683399458|94.41340782122904|79.93739360912129|-200.96219305512997|145|-0.019441133645131232|0.0870545540380064|-0.00690115103942495|58.709673721936085|34.419581704487086|0.5862676373830139|False|Weak
2026-02-20|Lundin Mining Corporation||LUMI6U180|180.0|2026-09-18|5055||40.46155688622754|<50|0.8907185628742516|68.7|0.6999541299953504|60-70%|60.755581775814335|12.036462944391694|0.07936694226492502|1.7361447347227976|1.0103141364911778|0.1382815137081349|0.8996959812074729|21.289058752812153|-3.4766786589594645|11.526740683399458|94.41340782122904|79.93739360912129|-173.35749620689785|145|-0.03886417624023655|0.15503500759160313|-0.01214983254387672|55.228484942881295|29.533856113307507|0.5347576733972003|False|Weak
2026-02-20|Lundin Mining Corporation||LUMI6U190|190.0|2026-09-18|5488||37.45592539454806|<50|0.7905308464849354|68.7|0.6378803952265396|60-70%|60.755581775814335|12.036462944391694|0.07936694226492502|1.7361447347227976|1.0103141364911778|0.1382815137081349|0.8996959812074729|21.289058752812153|-3.4766786589594645|11.526740683399458|94.41340782122904|79.93739360912129|-145.75279935866573|145|-0.06958179141439777|0.24615100653997612|-0.01902670720630784|50.62198245860101|26.3321141281059|0.5201715312046594|False|Weak
2026-02-20|Lundin Mining Corporation||LUMI6U200|200.0|2026-09-18|7075||34.64782122905028|<50|0.696927374301676|68.7|0.6192566819643242|60-70%|60.755581775814335|12.036462944391694|0.07936694226492502|1.7361447347227976|1.0103141364911778|0.1382815137081349|0.8996959812074729|21.289058752812153|-3.4766786589594645|11.526740683399458|94.41340782122904|79.93739360912129|-118.14810251043357|145|-0.11344058978523802|0.35403052217152614|-0.02691244039171349|48.286744712741346|27.277846967382132|0.5649137693927909|False|Weak
2026-02-20|Lundin Mining Corporation||LUMI6U210|210.0|2026-09-18|8925||33.436551724137935|<50|0.6565517241379311|68.7|0.6038925808147756|60-70%|60.755581775814335|12.036462944391694|0.07936694226492502|1.7361447347227976|1.0103141364911778|0.1382815137081349|0.8996959812074729|21.289058752812153|-3.4766786589594645|11.526740683399458|94.41340782122904|79.93739360912129|-90.54340566220144|145|-0.17076401619693649|0.4674037305861274|-0.034809526208586294|46.912904902807746|26.952706357339622|0.5745264850509502|False|Weak
2026-02-20|Lundin Mining Corporation||LUMI6U220|220.0|2026-09-18|10950||31.38023210831722|<50|0.5880077369439072|68.7|0.5425149103982543|50-60%|60.755581775814335|12.036462944391694|0.07936694226492502|1.7361447347227976|1.0103141364911778|0.1382815137081349|0.8996959812074729|21.289058752812153|-3.4766786589594645|11.526740683399458|94.41340782122904|79.93739360912129|-62.9387088139693|145|-0.2401438482210741|0.5727400526191275|-0.04157793352875622|42.81586157407132|22.871258931508205|0.5341772439155753|False|Weak
2026-02-20|Lundin Mining Corporation||LUMI6U230|230.0|2026-09-18|10570||31.38023210831722|<50|0.5880077369439072|68.7|0.396769866768485|<50%|60.755581775814335|12.036462944391694|0.07936694226492502|1.7361447347227976|1.0103141364911778|0.1382815137081349|0.8996959812074729|21.289058752812153|-3.4766786589594645|11.526740683399458|94.41340782122904|79.93739360912129|-35.33401196573717|145|-0.31866478066399184|0.6574778619017418|-0.04620889862776524|35.52860939258286|8.29675456853128|0.23352320032720886|False|Weak
2026-02-20|Lundin Mining Corporation||LUMI6U240|240.0|2026-09-18|12610||19.62857142857143|<50||68.7|0.31778603196548577|<50%|60.755581775814335|12.036462944391694|0.07936694226492502|1.7361447347227976|1.0103141364911778|0.1382815137081349|0.8996959812074729|21.289058752812153|-3.4766786589594645|11.526740683399458|94.41340782122904|79.93739360912129|-7.729315117505029|145|-0.40245047813961665|0.7126783002579473|-0.04803895607098311|25.703587312560003|12.150031767977147|0.4726979008895019|False|Weak
2026-02-20|Lundin Mining Corporation||LUMI6X115|115.0|2026-12-18|1515||43.74|<50|1.0|68.7|0.5622892956467277|50-60%|60.755581775814335|12.036462944391694|0.07936694226492502|1.7361447347227976|1.0103141364911778|0.1382815137081349|0.8996959812074729|21.289058752812153|-3.4766786589594645|11.526740683399458|94.41340782122904|79.93739360912129|-293.1488465438419|210|-0.00023421900228264472|0.001946588845961717|-0.00010868740909077231|49.98446478233639|12.488929564672766|0.24985622270954333|False|Weak
2026-02-20|Lundin Mining Corporation||LUMI6X120|120.0|2026-12-18|1610||42.189848024316106|<50|0.9483282674772036|68.7|0.5536679687698426|50-60%|60.755581775814335|12.036462944391694|0.07936694226492502|1.7361447347227976|1.0103141364911778|0.1382815137081349|0.8996959812074729|21.289058752812153|-3.4766786589594645|11.526740683399458|94.41340782122904|79.93739360912129|-281.67979933946623|210|-0.0004636595920375064|0.003673170836494798|-0.00020438798715288214|48.77832245065018|13.176948852668154|0.27013944290518577|False|Weak
2026-02-20|Lundin Mining Corporation||LUMI6X130|130.0|2026-12-18|2290||41.97262839879154|<50|0.9410876132930514|68.7|0.5478330758607138|50-60%|60.755581775814335|12.036462944391694|0.07936694226492502|1.7361447347227976|1.0103141364911778|0.1382815137081349|0.8996959812074729|21.289058752812153|-3.4766786589594645|11.526740683399458|94.41340782122904|79.93739360912129|-258.74170493071495|210|-0.0015333717731913896|0.011034864265383844|-0.0006094356729584631|48.377967992431465|12.810679187279838|0.2648039948532774|False|Weak
2026-02-20|Lundin Mining Corporation||LUMI6X140|140.0|2026-12-18|2790||41.49988286969254|<50|0.9253294289897512|68.7|0.545604708475421|50-60%|60.755581775814335|12.036462944391694|0.07936694226492502|1.7361447347227976|1.0103141364911778|0.1382815137081349|0.8996959812074729|21.289058752812153|-3.4766786589594645|11.526740683399458|94.41340782122904|79.93739360912129|-235.8036105219636|210|-0.00419148894416387|0.027380644862644722|-0.001499441265710697|48.030176858617324|13.060587977849558|0.27192462805820994|False|Weak
2026-02-20|Lundin Mining Corporation||LUMI6X150|150.0|2026-12-18|3822||40.774883720930234|<50|0.9011627906976744|68.7|0.544648279586449|50-60%|60.755581775814335|12.036462944391694|0.07936694226492502|1.7361447347227976|1.0103141364911778|0.1382815137081349|0.8996959812074729|21.289058752812153|-3.4766786589594645|11.526740683399458|94.41340782122904|79.93739360912129|-212.8655161132123|210|-0.009799668566323591|0.05803852243821832|-0.0031478930969256573|47.61985583978757|13.68994423771467|0.28748394963170765|False|Weak
2026-02-20|Lundin Mining Corporation||LUMI6X160|160.0|2026-12-18|4335||40.46155688622754|<50|0.8907185628742516|68.7|0.5298715049263615|50-60%|60.755581775814335|12.036462944391694|0.07936694226492502|1.7361447347227976|1.0103141364911778|0.1382815137081349|0.8996959812074729|21.289058752812153|-3.4766786589594645|11.526740683399458|94.41340782122904|79.93739360912129|-189.92742170446095|210|-0.02012678731648441|0.10789317987588072|-0.0057876525975573715|46.724353689431844|12.525593606408606|0.2680741972305046|False|Weak
2026-02-20|Lundin Mining Corporation||LUMI6X170|170.0|2026-12-18|5670||37.45592539454806|<50|0.7905308464849354|68.7|0.4799276356989587|<50%|60.755581775814335|12.036462944391694|0.07936694226492502|1.7361447347227976|1.0103141364911778|0.1382815137081349|0.8996959812074729|21.289058752812153|-3.4766786589594645|11.526740683399458|94.41340782122904|79.93739360912129|-166.98932729570964|210|-0.03709064838470128|0.17959965476669543|-0.00951202278326682|42.724344482221966|10.53683817534781|0.24662375287541968|False|Weak
2026-02-20|Lundin Mining Corporation||LUMI6X180|180.0|2026-12-18|7290||34.64782122905028|<50|0.696927374301676|68.7|0.46877794308639525|<50%|60.755581775814335|12.036462944391694|0.07936694226492502|1.7361447347227976|1.0103141364911778|0.1382815137081349|0.8996959812074729|21.289058752812153|-3.4766786589594645|11.526740683399458|94.41340782122904|79.93739360912129|-144.05123288695833|210|-0.0623872558843659|0.27220436335577763|-0.014203877627068191|40.7628077688449|12.229973079589243|0.30002773972151736|False|Weak
2026-02-20|Lundin Mining Corporation||LUMI6X190|190.0|2026-12-18|7550||33.436551724137935|<50|0.6565517241379311|68.7|0.45768046130202017|<50%|60.755581775814335|12.036462944391694|0.07936694226492502|1.7361447347227976|1.0103141364911778|0.1382815137081349|0.8996959812074729|21.289058752812153|-3.4766786589594645|11.526740683399458|94.41340782122904|79.93739360912129|-121.11313847820699|210|-0.09712180856923569|0.38075521261672984|-0.019524117706174057|39.602298927169976|12.331494406064081|0.3113832969328911|False|Weak
2026-02-20|Lundin Mining Corporation||LUMI6X200|200.0|2026-12-18|9350||34.64782122905028|<50|0.696927374301676|68.7|0.48740655919132003|<50%|60.755581775814335|12.036462944391694|0.07936694226492502|1.7361447347227976|1.0103141364911778|0.1382815137081349|0.8996959812074729|21.289058752812153|-3.4766786589594645|11.526740683399458|94.41340782122904|79.93739360912129|-98.17504406945568|210|-0.1415522827013581|0.49703522001660183|-0.024964026912583467|41.694238574091145|14.092834690081723|0.3380043663596013|False|Weak
2026-02-20|Lundin Mining Corporation||LUMI6X210|210.0|2026-12-18|11350||31.38023210831722|<50|0.5880077369439072|68.7|0.4901173292686206|<50%|60.755581775814335|12.036462944391694|0.07936694226492502|1.7361447347227976|1.0103141364911778|0.1382815137081349|0.8996959812074729|21.289058752812153|-3.4766786589594645|11.526740683399458|94.41340782122904|79.93739360912129|-75.23694966070435|210|-0.19500933916914226|0.6111130405825482|-0.029941152023450664|40.19598251758964|17.63150081854484|0.4386383840929712|False|Weak
2026-02-20|Lundin Mining Corporation||LUMI6X220|220.0|2026-12-18|13550||31.38023210831722|<50|0.5880077369439072|68.7|0.44908620954728706|<50%|60.755581775814335|12.036462944391694|0.07936694226492502|1.7361447347227976|1.0103141364911778|0.1382815137081349|0.8996959812074729|21.289058752812153|-3.4766786589594645|11.526740683399458|94.41340782122904|79.93739360912129|-52.298855251953036|210|-0.2559947497105084|0.7131732670765509|-0.033906419250273184|38.14442653152296|13.528388846411485|0.35466226855531513|False|Weak
2026-02-20|Lundin Mining Corporation||LUMI6X230|230.0|2026-12-18|12730||31.38023210831722|<50|0.5880077369439072|68.7|0.382686507033568|<50%|60.755581775814335|12.036462944391694|0.07936694226492502|1.7361447347227976|1.0103141364911778|0.1382815137081349|0.8996959812074729|21.289058752812153|-3.4766786589594645|11.526740683399458|94.41340782122904|79.93739360912129|-29.360760843201717|210|-0.32241181093295956|0.7951091608285401|-0.03643288789163836|34.82444140583701|6.888418595039578|0.1978041374666528|False|Weak
2026-02-20|Lundin Mining Corporation||LUMI6X240|240.0|2026-12-18|14810||19.62857142857143|<50||68.7|0.3340990628701702|<50%|60.755581775814335|12.036462944391694|0.07936694226492502|1.7361447347227976|1.0103141364911778|0.1382815137081349|0.8996959812074729|21.289058752812153|-3.4766786589594645|11.526740683399458|94.41340782122904|79.93739360912129|-6.422666434450396|210|-0.39185856013906767|0.8515469931461037|-0.03726841353328479|26.519238857794228|13.781334858445593|0.5196730921406193|False|Weak
