OptionName|FinancialReport|X-Day|Premium|PoW_Simulation_Mean_Earnings|100k_Invested_Loss_Mean|1_2_3_ProbOfWorthless_Weighted|ProbWorthless_Bayesian_IsoCal|1_ProbOfWorthless_Original|2_ProbOfWorthless_Calibrated|3_ProbOfWorthless_Historical_IV|Lower_Bound_at_Accuracy|LossAtBadDecline|LossAtWorstDecline|PoW_Stats_MedianLossPct|PoW_Stats_WorstLossPct|PoW_Stats_MedianLoss|PoW_Stats_WorstLoss|PoW_Stats_MedianProbOfWorthless|PoW_Stats_MinProbOfWorthless|PoW_Stats_MaxProbOfWorthless|LossAt100DayWorstDecline|LossAt_2008_100DayWorstDecline|Mean_Accuracy|Lower_Bound_HistMedianIV_at_Accuracy|Lower_Bound|Lower_Bound_HistMedianIV|Bid_Ask_Mid_Price|Option_Price_Min|NumberOfContractsBasedOnLimit|Bid|ProfitLossPctLeastBad|Loss_Least_Bad|IV_AllMedianIV_Maximum100DaysToExp_Ratio|StockPrice|DaysToExpiry|AskBidSpread|Underlying_Value|StrikePrice|StockPrice_After_2008_100DayWorstDecline|LossAt50DayWorstDecline|LossAt_2008_50DayWorstDecline|ProfitLossPctBad|ProfitLossPctWorst|ProfitLossPct100DayWorst|ImpliedVolatility|TodayStockMedianIV_Maximum100DaysToExp|AllMedianIV_Maximum100DaysToExp|ExpiryDate_Lower_Bound_Minus_Pct_Based_on_Accuracy|StrikeBelowLowerAtAcc|StockName|Country|SampleSize|Confidence|ExpiryDate|Ask|WorstHistoricalDecline|BadHistoricalDecline|ImpliedVolatilityUntilExpiry|StockPrice_After_100DayWorstDecline|StockPrice_After_50DayWorstDecline|StockPrice_After_2008_50DayWorstDecline|100DayMaxPrice|100DayMaxPriceDate|50DayMaxPrice|50DayMaxPriceDate|Historical100DaysWorstDecline|Historical50DaysWorstDecline|2008_100DaysWorstDecline|2008_50DaysWorstDecline|IV_2sigma_Decline|BreakevenDecline|CVaR10pct_Decline
LUMI6N236|||10|||||||||0|0|-0.0328770833333333|-0.1344324879227053|-3248.7625|-13913.7625|0.8210562299356932|0.7000250666922885|0.9892754421034464|0|0||||242.8|0.39999999999999997||4.0|0.1||0||242.8|0|7.0|94400|236.0||0|0|||||0.5124530002181187|0.3401989877439051|||Lundin Mining Corporation||||2026-02-20|0.7||||||||||||||||-0.0297|
LUMI6N238|||150|||||||||0|0|-0.0328770833333333|-0.1344324879227053|-3248.7625|-13913.7625|0.8210562299356932|0.7000250666922885|0.9892754421034464|0|0||||242.8|0.75||4.0|0.45||0||242.8|0|2.33|95200|238.0||0|0|||||0.5124530002181187|0.3401989877439051|||Lundin Mining Corporation||||2026-02-20|1.05||||||||||||||||-0.0229|
LUMI6N240|||410|||||||||0|0|-0.0328770833333333|-0.1344324879227053|-3248.7625|-13913.7625|0.8210562299356932|0.7000250666922885|0.9892754421034464|0|0||||242.8|1.4||4.0|1.0||0||242.8|0|1.8|96000|240.0||0|0|||||0.5124530002181187|0.3401989877439051|||Lundin Mining Corporation||||2026-02-20|1.8||||||||||||||||-0.0173|
LUMI6N242|||570|||||||||0|0|-0.0328770833333333|-0.1344324879227053|-3248.7625|-13913.7625|0.8210562299356932|0.7000250666922885|0.9892754421034464|0|0||||242.8|1.8||4.0|0.85||0||242.8|0|3.24|96800|242.0||0|0|||||0.5124530002181187|0.3401989877439051|||Lundin Mining Corporation||||2026-02-20|2.75||||||||||||||||-0.0107|
LUMI6O176|||120|||0.824||||0.824||-20638|-48786|-0.0328770833333333|-0.1344324879227053|-3248.7625|-13913.7625|0.8210562299356932|0.7000250666922885|0.9892754421034464|0|0|0.8123928582597314|234.7||219.5|0.45|17600.26|6.0|0.05||0||242.8|20|17.0|105600|176.0||0|0|0.006|0.002|||0.5124530002181187|0.3401989877439051|0.65||Lundin Mining Corporation||||2026-03-20|0.85|-0.6108374384236454|-0.4176194723984445||||||||||||||-0.277|-0.49278358850050974
LUMI6O178|||150|||0.824||||0.824||-21808|-49956|-0.0328770833333333|-0.1344324879227053|-3248.7625|-13913.7625|0.8210562299356932|0.7000250666922885|0.9892754421034464|0|0|0.8123928582597314|234.7||219.5|0.5|17800.27|6.0|0.1||0||242.8|20|9.0|106800|178.0||0|0|0.007|0.003|||0.5124530002181187|0.3401989877439051|0.65||Lundin Mining Corporation||||2026-03-20|0.9|-0.6108374384236454|-0.4176194723984445||||||||||||||-0.2689|-0.49278358850050974
LUMI6O180|||180|||0.9148866796729093|0.972|0.9570118106102682|0.992|0.824|230.5|-22978|-51126|-0.0328770833333333|-0.1344324879227053|-3248.7625|-13913.7625|0.8210562299356932|0.7000250666922885|0.9892754421034464|-53399|-90959|0.8123928582597314|234.7|207.7|219.5|0.5499999999999999|18000.27|6.0|0.15|0.008|-22978|1.5063331129129722|242.8|20|6.33|108000|180.0|28.1|-40260|-72719|0.008|0.004|0.003|0.5124530002181187|0.5124530002181187|0.3401989877439051|0.65|Y|Lundin Mining Corporation|SE|21.0|LOW|2026-03-20|0.95|-0.6108374384236454|-0.4176194723984445|0.1443672778275788|90.7|112.6|58.5|242.8|2026-02-20|242.8|2026-02-20|-0.6262435677530017|-0.5360868639557165|-0.8844660194174757|-0.7591463414634146|-0.2887|-0.2609|-0.49278358850050974
LUMI6O185|||135|||0.824||||0.824||-21664|-45120|-0.0328770833333333|-0.1344324879227053|-3248.7625|-13913.7625|0.8210562299356932|0.7000250666922885|0.9892754421034464|0|0|0.8123928582597314|234.7||219.5|0.57|18500.28|5.0|0.19||0||242.8|20|5.0|92500|185.0||0|0|0.006|0.003|||0.5124530002181187|0.3401989877439051|0.65||Lundin Mining Corporation||||2026-03-20|0.95|-0.6108374384236454|-0.4176194723984445||||||||||||||-0.2404|-0.49278358850050974
LUMI6O190|||250|||0.824||||0.824||-24049|-47505|-0.0328770833333333|-0.1344324879227053|-3248.7625|-13913.7625|0.8210562299356932|0.7000250666922885|0.9892754421034464|0|0|0.8123928582597314|234.7||219.5|0.8|19000.28|5.0|0.4||0||242.8|20|3.0|95000|190.0||0|0|0.01|0.005|||0.5124530002181187|0.3401989877439051|0.65||Lundin Mining Corporation||||2026-03-20|1.2|-0.6108374384236454|-0.4176194723984445||||||||||||||-0.2208|-0.49278358850050974
LUMI6O195|||400|||0.824||||0.824||-26399|-49855|-0.0328770833333333|-0.1344324879227053|-3248.7625|-13913.7625|0.8210562299356932|0.7000250666922885|0.9892754421034464|0|0|0.8123928582597314|234.7||219.5|1.1|19500.29|5.0|0.7||0||242.8|20|2.14|97500|195.0||0|0|0.015|0.008|||0.5124530002181187|0.3401989877439051|0.65||Lundin Mining Corporation||||2026-03-20|1.5|-0.6108374384236454|-0.4176194723984445||||||||||||||-0.2014|-0.49278358850050974
LUMI6O200|||575|||0.824||||0.824||-28724|-52180|-0.0328770833333333|-0.1344324879227053|-3248.7625|-13913.7625|0.8210562299356932|0.7000250666922885|0.9892754421034464|0|0|0.8123928582597314|234.7||219.5|1.4500000000000002|20000.3|5.0|1.05||0||242.8|20|1.76|100000|200.0||0|0|0.02|0.011|||0.5124530002181187|0.3401989877439051|0.65||Lundin Mining Corporation||||2026-03-20|1.85|-0.6108374384236454|-0.4176194723984445||||||||||||||-0.1822|-0.49278358850050974
LUMI6O202|||638|||0.824||||0.824||-29661|-53118|-0.0328770833333333|-0.1344324879227053|-3248.7625|-13913.7625|0.8210562299356932|0.7000250666922885|0.9892754421034464|0|0|0.8123928582597314|234.7||219.5|1.575|20200.3|5.0|1.25||0||242.8|20|1.52|101000|202.0||0|0|0.022|0.012|||0.5124530002181187|0.3401989877439051|0.65||Lundin Mining Corporation||||2026-03-20|1.9|-0.6108374384236454|-0.4176194723984445||||||||||||||-0.1745|-0.49278358850050974
LUMI6O204|||800|||0.824||||0.824||-30499|-53955|-0.0328770833333333|-0.1344324879227053|-3248.7625|-13913.7625|0.8210562299356932|0.7000250666922885|0.9892754421034464|0|0|0.8123928582597314|234.7||219.5|1.9|20400.31|5.0|1.5||0||242.8|20|1.53|102000|204.0||0|0|0.026|0.015|||0.5124530002181187|0.3401989877439051|0.65||Lundin Mining Corporation||||2026-03-20|2.3|-0.6108374384236454|-0.4176194723984445||||||||||||||-0.1676|-0.49278358850050974
LUMI6O205|||862|||0.824||||0.824||-30936|-54393|-0.0328770833333333|-0.1344324879227053|-3248.7625|-13913.7625|0.8210562299356932|0.7000250666922885|0.9892754421034464|0|0|0.8123928582597314|234.7||219.5|2.025|20500.31|5.0|1.65||0||242.8|20|1.45|102500|205.0||0|0|0.028|0.016|||0.5124530002181187|0.3401989877439051|0.65||Lundin Mining Corporation||||2026-03-20|2.4|-0.6108374384236454|-0.4176194723984445||||||||||||||-0.164|-0.49278358850050974
LUMI6O206|||925|||0.824||||0.824||-31374|-54830|-0.0328770833333333|-0.1344324879227053|-3248.7625|-13913.7625|0.8210562299356932|0.7000250666922885|0.9892754421034464|0|0|0.8123928582597314|234.7||219.5|2.15|20600.31|5.0|1.75||0||242.8|20|1.46|103000|206.0||0|0|0.029|0.017|||0.5124530002181187|0.3401989877439051|0.65||Lundin Mining Corporation||||2026-03-20|2.55|-0.6108374384236454|-0.4176194723984445||||||||||||||-0.1604|-0.49278358850050974
LUMI6O208|||1062|||0.824||||0.824||-32236|-55693|-0.0328770833333333|-0.1344324879227053|-3248.7625|-13913.7625|0.8210562299356932|0.7000250666922885|0.9892754421034464|0|0|0.8123928582597314|234.7||219.5|2.425|20800.31|5.0|2.05||0||242.8|20|1.37|104000|208.0||0|0|0.033|0.019|||0.5124530002181187|0.3401989877439051|0.65||Lundin Mining Corporation||||2026-03-20|2.8|-0.6108374384236454|-0.4176194723984445||||||||||||||-0.1533|-0.49278358850050974
LUMI6O210|||1212|||0.9420000000000001||||0.942||-33086|-56543|-0.0328770833333333|-0.1344324879227053|-3248.7625|-13913.7625|0.8210562299356932|0.7000250666922885|0.9892754421034464|0|0|0.8123928582597314|234.7||219.5|2.725|20995.19|5.0|2.35||0||242.8|20|1.32|105000|210.0||0|0|0.037|0.021|||0.5124530002181187|0.3401989877439051|0.65||Lundin Mining Corporation||||2026-03-20|3.1|-0.6108374384236454|-0.4176194723984445||||||||||||||-0.1463|-0.49278358850050974
LUMI6O212|||1375|||0.9420000000000001||||0.942||-33924|-57380|-0.0328770833333333|-0.1344324879227053|-3248.7625|-13913.7625|0.8210562299356932|0.7000250666922885|0.9892754421034464|0|0|0.8123928582597314|234.7||219.5|3.05|21200.32|5.0|2.65||0||242.8|20|1.3|106000|212.0||0|0|0.041|0.024|||0.5124530002181187|0.3401989877439051|0.65||Lundin Mining Corporation||||2026-03-20|3.45|-0.6108374384236454|-0.4176194723984445||||||||||||||-0.1394|-0.49278358850050974
LUMI6O214|||1525|||0.919||||0.919||-34774|-58230|-0.0328770833333333|-0.1344324879227053|-3248.7625|-13913.7625|0.8210562299356932|0.7000250666922885|0.9892754421034464|0|0|0.8123928582597314|234.7||219.5|3.35|21400.32|5.0|3.0||0||242.8|20|1.23|107000|214.0||0|0|0.044|0.026|||0.5124530002181187|0.3401989877439051|0.65||Lundin Mining Corporation||||2026-03-20|3.7|-0.6108374384236454|-0.4176194723984445||||||||||||||-0.1324|-0.49278358850050974
LUMI6O215|||1650|||0.919||||0.919||-35149|-58605|-0.0328770833333333|-0.1344324879227053|-3248.7625|-13913.7625|0.8210562299356932|0.7000250666922885|0.9892754421034464|0|0|0.8123928582597314|234.7||219.5|3.5999999999999996|21500.32|5.0|3.15||0||242.8|20|1.29|107500|215.0||0|0|0.047|0.028|||0.5124530002181187|0.3401989877439051|0.65||Lundin Mining Corporation||||2026-03-20|4.05|-0.6108374384236454|-0.4176194723984445||||||||||||||-0.1293|-0.49278358850050974
LUMI6O216|||1762|||0.903||||0.903||-35536|-58993|-0.0328770833333333|-0.1344324879227053|-3248.7625|-13913.7625|0.8210562299356932|0.7000250666922885|0.9892754421034464|0|0|0.8123928582597314|234.7||219.5|3.825|21600.32|5.0|3.35||0||242.8|20|1.28|108000|216.0||0|0|0.05|0.03|||0.5124530002181187|0.3401989877439051|0.65||Lundin Mining Corporation||||2026-03-20|4.3|-0.6108374384236454|-0.4176194723984445||||||||||||||-0.1261|-0.49278358850050974
LUMI6O218|||1975|||0.878||||0.878||-36324|-59780|-0.0328770833333333|-0.1344324879227053|-3248.7625|-13913.7625|0.8210562299356932|0.7000250666922885|0.9892754421034464|0|0|0.8123928582597314|234.7||219.5|4.25|21800.33|5.0|3.75||0||242.8|20|1.27|109000|218.0||0|0|0.054|0.033|||0.5124530002181187|0.3401989877439051|0.65||Lundin Mining Corporation||||2026-03-20|4.75|-0.6108374384236454|-0.4176194723984445||||||||||||||-0.1196|-0.49278358850050974
LUMI6O220|||2150|||0.847||||0.847||-37149|-60605|-0.0328770833333333|-0.1344324879227053|-3248.7625|-13913.7625|0.8210562299356932|0.7000250666922885|0.9892754421034464|0|0|0.8123928582597314|234.7||219.5|4.6|22000.33|5.0|4.2||0||242.8|20|1.19|110000|220.0||0|0|0.058|0.035|||0.5124530002181187|0.3401989877439051|0.65||Lundin Mining Corporation||||2026-03-20|5.0|-0.6108374384236454|-0.4176194723984445||||||||||||||-0.1129|-0.49278358850050974
LUMI6O222|||2475|||0.809||||0.809||-37824|-61280|-0.0328770833333333|-0.1344324879227053|-3248.7625|-13913.7625|0.8210562299356932|0.7000250666922885|0.9892754421034464|0|0|0.8123928582597314|234.7||219.5|5.25|22200.33|5.0|4.65||0||242.8|20|1.26|111000|222.0||0|0|0.065|0.04|||0.5124530002181187|0.3401989877439051|0.65||Lundin Mining Corporation||||2026-03-20|5.85|-0.6108374384236454|-0.4176194723984445||||||||||||||-0.1073|-0.49278358850050974
LUMI6O224|||2180|||0.788||||0.788||-30859|-49624|-0.0328770833333333|-0.1344324879227053|-3248.7625|-13913.7625|0.8210562299356932|0.7000250666922885|0.9892754421034464|0|0|0.8123928582597314|234.7||219.5|5.825|22400.34|4.0|5.2||0||242.8|20|1.24|89600|224.0||0|0|0.071|0.044|||0.5124530002181187|0.3401989877439051|0.65||Lundin Mining Corporation||||2026-03-20|6.45|-0.6108374384236454|-0.4176194723984445||||||||||||||-0.1014|-0.49278358850050974
LUMI6O225|||2290|||0.7850000000000001||||0.785||-31149|-49914|-0.0328770833333333|-0.1344324879227053|-3248.7625|-13913.7625|0.8210562299356932|0.7000250666922885|0.9892754421034464|0|0|0.8123928582597314|234.7||219.5|6.1|22500.34|4.0|5.45||0||242.8|20|1.24|90000|225.0||0|0|0.074|0.046|||0.5124530002181187|0.3401989877439051|0.65||Lundin Mining Corporation||||2026-03-20|6.75|-0.6108374384236454|-0.4176194723984445||||||||||||||-0.0984|-0.49278358850050974
LUMI6O226|||2420|||0.7850000000000001||||0.785||-31419|-50184|-0.0328770833333333|-0.1344324879227053|-3248.7625|-13913.7625|0.8210562299356932|0.7000250666922885|0.9892754421034464|0|0|0.8123928582597314|234.7||219.5|6.425|22600.34|4.0|5.75||0||242.8|20|1.23|90400|226.0||0|0|0.077|0.048|||0.5124530002181187|0.3401989877439051|0.65||Lundin Mining Corporation||||2026-03-20|7.1|-0.6108374384236454|-0.4176194723984445||||||||||||||-0.0957|-0.49278358850050974
LUMI6O228|||2810|||0.751||||0.751||-31829|-50594|-0.0328770833333333|-0.1344324879227053|-3248.7625|-13913.7625|0.8210562299356932|0.7000250666922885|0.9892754421034464|0|0|0.8123928582597314|234.7||219.5|7.4|22800.34|4.0|7.0||0||242.8|20|1.11|91200|228.0||0|0|0.088|0.056|||0.5124530002181187|0.3401989877439051|0.65||Lundin Mining Corporation||||2026-03-20|7.8|-0.6108374384236454|-0.4176194723984445||||||||||||||-0.0914|-0.49278358850050974
LUMI6O230|||3090|||0.744||||0.744||-32349|-51114|-0.0328770833333333|-0.1344324879227053|-3248.7625|-13913.7625|0.8210562299356932|0.7000250666922885|0.9892754421034464|0|0|0.8123928582597314|234.7||219.5|8.100000000000001|23000.34|4.0|7.65||0||242.8|20|1.12|92000|230.0||0|0|0.096|0.06|||0.5124530002181187|0.3401989877439051|0.65||Lundin Mining Corporation||||2026-03-20|8.55|-0.6108374384236454|-0.4176194723984445||||||||||||||-0.0861|-0.49278358850050974
LUMI6O232|||3390|||0.716||||0.716||-32849|-51614|-0.0328770833333333|-0.1344324879227053|-3248.7625|-13913.7625|0.8210562299356932|0.7000250666922885|0.9892754421034464|0|0|0.8123928582597314|234.7||219.5|8.85|23200.35|4.0|8.35||0||242.8|20|1.12|92800|232.0||0|0|0.103|0.066|||0.5124530002181187|0.3401989877439051|0.65||Lundin Mining Corporation||||2026-03-20|9.35|-0.6108374384236454|-0.4176194723984445||||||||||||||-0.0809|-0.49278358850050974
LUMI6O234|||3710|||0.688||||0.688||-33329|-52094|-0.0328770833333333|-0.1344324879227053|-3248.7625|-13913.7625|0.8210562299356932|0.7000250666922885|0.9892754421034464|0|0|0.8123928582597314|234.7||219.5|9.649999999999999|23400.35|4.0|9.1||0||242.8|20|1.12|93600|234.0||0|0|0.111|0.071|||0.5124530002181187|0.3401989877439051|0.65||Lundin Mining Corporation||||2026-03-20|10.2|-0.6108374384236454|-0.4176194723984445||||||||||||||-0.076|-0.49278358850050974
LUMI6O235|||3860|||0.663||||0.663||-33579|-52344|-0.0328770833333333|-0.1344324879227053|-3248.7625|-13913.7625|0.8210562299356932|0.7000250666922885|0.9892754421034464|0|0|0.8123928582597314|234.7||219.5|10.024999999999999|23500.35|4.0|9.45||0||242.8|20|1.12|94000|235.0||0|0|0.115|0.074|||0.5124530002181187|0.3401989877439051|0.65||Lundin Mining Corporation||||2026-03-20|10.6|-0.6108374384236454|-0.4176194723984445||||||||||||||-0.0734|-0.49278358850050974
LUMI6O236|||4040|||0.663||||0.663||-33799|-52564|-0.0328770833333333|-0.1344324879227053|-3248.7625|-13913.7625|0.8210562299356932|0.7000250666922885|0.9892754421034464|0|0|0.8123928582597314|234.7||219.5|10.475|23600.35|4.0|9.85||0||242.8|20|1.13|94400|236.0||0|0|0.12|0.077|||0.5124530002181187|0.3401989877439051|0.65||Lundin Mining Corporation||||2026-03-20|11.1|-0.6108374384236454|-0.4176194723984445||||||||||||||-0.0711|-0.49278358850050974
LUMI6O238|||4390|||0.625||||0.625||-34249|-53014|-0.0328770833333333|-0.1344324879227053|-3248.7625|-13913.7625|0.8210562299356932|0.7000250666922885|0.9892754421034464|0|0|0.8123928582597314|234.7||219.5|11.35|23800.36|4.0|10.7||0||242.8|20|1.12|95200|238.0||0|0|0.128|0.083|||0.5124530002181187|0.3401989877439051|0.65||Lundin Mining Corporation||||2026-03-20|12.0|-0.6108374384236454|-0.4176194723984445||||||||||||||-0.0665|-0.49278358850050974
LUMI6O240|||4790|||0.575||||0.575||-34649|-53414|-0.0328770833333333|-0.1344324879227053|-3248.7625|-13913.7625|0.8210562299356932|0.7000250666922885|0.9892754421034464|0|0|0.8123928582597314|234.7||219.5|12.35|24000.36|4.0|11.7||0||242.8|20|1.11|96000|240.0||0|0|0.138|0.09|||0.5124530002181187|0.3401989877439051|0.65||Lundin Mining Corporation||||2026-03-20|13.0|-0.6108374384236454|-0.4176194723984445||||||||||||||-0.0624|-0.49278358850050974
LUMI6O242|||5190|||0.575||||0.575||-35049|-53814|-0.0328770833333333|-0.1344324879227053|-3248.7625|-13913.7625|0.8210562299356932|0.7000250666922885|0.9892754421034464|0|0|0.8123928582597314|234.7||219.5|13.35|24200.36|4.0|12.7||0||242.8|20|1.1|96800|242.0||0|0|0.148|0.096|||0.5124530002181187|0.3401989877439051|0.65||Lundin Mining Corporation||||2026-03-20|14.0|-0.6108374384236454|-0.4176194723984445||||||||||||||-0.0583|-0.49278358850050974
LUMI6P175|||480|||0.8510000000000001||||0.851||-31469|-62208|-0.0328770833333333|-0.1344324879227053|-3248.7625|-13913.7625|0.8210562299356932|0.7000250666922885|0.9892754421034464|0|0||||210.7|1.05|17500.26|6.0|0.65||0||242.8|38|2.23|105000|175.0||0|0|0.015|0.008|||0.5124530002181187|0.3401989877439051|||Lundin Mining Corporation||||2026-04-17|1.45|-0.7095588235294117|-0.4985536736017468||||||||||||||-0.2836|-0.6542683891035909
LUMI6P178|||570|||0.8510000000000001||||0.851||-33179|-63918|-0.0328770833333333|-0.1344324879227053|-3248.7625|-13913.7625|0.8210562299356932|0.7000250666922885|0.9892754421034464|0|0||||210.7|1.2000000000000002|17800.27|6.0|0.8||0||242.8|38|2.0|106800|178.0||0|0|0.017|0.009|||0.5124530002181187|0.3401989877439051|||Lundin Mining Corporation||||2026-04-17|1.6|-0.7095588235294117|-0.4985536736017468||||||||||||||-0.2718|-0.6542683891035909
LUMI6P180|||660|||0.8510000000000001||||0.851||-34289|-65028|-0.0328770833333333|-0.1344324879227053|-3248.7625|-13913.7625|0.8210562299356932|0.7000250666922885|0.9892754421034464|0|0||||210.7|1.35|18000.27|6.0|0.95||0||242.8|38|1.84|108000|180.0||0|0|0.019|0.01|||0.5124530002181187|0.3401989877439051|||Lundin Mining Corporation||||2026-04-17|1.75|-0.7095588235294117|-0.4985536736017468||||||||||||||-0.2642|-0.6542683891035909
LUMI6P185|||700|||0.8510000000000001||||0.851||-30924|-56540|-0.0328770833333333|-0.1344324879227053|-3248.7625|-13913.7625|0.8210562299356932|0.7000250666922885|0.9892754421034464|0|0||||210.7|1.7000000000000002|18500.28|5.0|1.3||0||242.8|38|1.62|92500|185.0||0|0|0.023|0.012|||0.5124530002181187|0.3401989877439051|||Lundin Mining Corporation||||2026-04-17|2.1|-0.7095588235294117|-0.4985536736017468||||||||||||||-0.2451|-0.6542683891035909
LUMI6P190|||950|||0.8510000000000001||||0.851||-33174|-58790|-0.0328770833333333|-0.1344324879227053|-3248.7625|-13913.7625|0.8210562299356932|0.7000250666922885|0.9892754421034464|0|0||||210.7|2.2|19000.28|5.0|1.8||0||242.8|38|1.44|95000|190.0||0|0|0.029|0.016|||0.5124530002181187|0.3401989877439051|||Lundin Mining Corporation||||2026-04-17|2.6|-0.7095588235294117|-0.4985536736017468||||||||||||||-0.2265|-0.6542683891035909
LUMI6P195|||1250|||0.8510000000000001||||0.851||-35374|-60990|-0.0328770833333333|-0.1344324879227053|-3248.7625|-13913.7625|0.8210562299356932|0.7000250666922885|0.9892754421034464|0|0||||210.7|2.8|19500.29|5.0|2.4||0||242.8|38|1.33|97500|195.0||0|0|0.035|0.02|||0.5124530002181187|0.3401989877439051|||Lundin Mining Corporation||||2026-04-17|3.2|-0.7095588235294117|-0.4985536736017468||||||||||||||-0.2084|-0.6542683891035909
LUMI6P200|||1650|||0.8510000000000001||||0.851||-37474|-63090|-0.0328770833333333|-0.1344324879227053|-3248.7625|-13913.7625|0.8210562299356932|0.7000250666922885|0.9892754421034464|0|0||||210.7|3.6|20000.3|5.0|3.2||0||242.8|38|1.25|100000|200.0||0|0|0.044|0.026|||0.5124530002181187|0.3401989877439051|||Lundin Mining Corporation||||2026-04-17|4.0|-0.7095588235294117|-0.4985536736017468||||||||||||||-0.1911|-0.6542683891035909
LUMI6P205|||2100|||0.8510000000000001||||0.851||-39524|-65140|-0.0328770833333333|-0.1344324879227053|-3248.7625|-13913.7625|0.8210562299356932|0.7000250666922885|0.9892754421034464|0|0||||210.7|4.5|20500.31|5.0|4.1||0||242.8|38|1.2|102500|205.0||0|0|0.053|0.032|||0.5124530002181187|0.3401989877439051|||Lundin Mining Corporation||||2026-04-17|4.9|-0.7095588235294117|-0.4985536736017468||||||||||||||-0.1742|-0.6542683891035909
LUMI6P210|||2725|||0.899||||0.899||-41399|-67015|-0.0328770833333333|-0.1344324879227053|-3248.7625|-13913.7625|0.8210562299356932|0.7000250666922885|0.9892754421034464|0|0||||210.7|5.75|21000.32|5.0|5.4||0||242.8|38|1.13|105000|210.0||0|0|0.066|0.041|||0.5124530002181187|0.3401989877439051|||Lundin Mining Corporation||||2026-04-17|6.1|-0.7095588235294117|-0.4985536736017468||||||||||||||-0.1588|-0.6542683891035909
LUMI6P215|||3362|||0.872||||0.872||-43261|-68877|-0.0328770833333333|-0.1344324879227053|-3248.7625|-13913.7625|0.8210562299356932|0.7000250666922885|0.9892754421034464|0|0||||210.7|7.025|21500.32|5.0|6.6||0||242.8|38|1.13|107500|215.0||0|0|0.078|0.049|||0.5124530002181187|0.3401989877439051|||Lundin Mining Corporation||||2026-04-17|7.45|-0.7095588235294117|-0.4985536736017468||||||||||||||-0.1434|-0.6542683891035909
LUMI6P220|||4138|||0.811||||0.811||-44986|-70602|-0.0328770833333333|-0.1344324879227053|-3248.7625|-13913.7625|0.8210562299356932|0.7000250666922885|0.9892754421034464|0|0||||210.7|8.575|22000.33|5.0|8.0||0||242.8|38|1.14|110000|220.0||0|0|0.092|0.059|||0.5124530002181187|0.3401989877439051|||Lundin Mining Corporation||||2026-04-17|9.15|-0.7095588235294117|-0.4985536736017468||||||||||||||-0.1292|-0.6542683891035909
LUMI6P225|||3950|||0.711||||0.711||-37349|-57842|-0.0328770833333333|-0.1344324879227053|-3248.7625|-13913.7625|0.8210562299356932|0.7000250666922885|0.9892754421034464|0|0||||210.7|10.25|22500.34|4.0|9.6||0||242.8|38|1.14|90000|225.0||0|0|0.106|0.068|||0.5124530002181187|0.3401989877439051|||Lundin Mining Corporation||||2026-04-17|10.9|-0.7095588235294117|-0.4985536736017468||||||||||||||-0.1155|-0.6542683891035909
LUMI6P230|||4710|||0.636||||0.636||-38589|-59082|-0.0328770833333333|-0.1344324879227053|-3248.7625|-13913.7625|0.8210562299356932|0.7000250666922885|0.9892754421034464|0|0||||210.7|12.15|23000.34|4.0|11.5||0||242.8|38|1.11|92000|230.0||0|0|0.122|0.08|||0.5124530002181187|0.3401989877439051|||Lundin Mining Corporation||||2026-04-17|12.8|-0.7095588235294117|-0.4985536736017468||||||||||||||-0.1028|-0.6542683891035909
LUMI6P235|||5590|||0.584||||0.584||-39709|-60202|-0.0328770833333333|-0.1344324879227053|-3248.7625|-13913.7625|0.8210562299356932|0.7000250666922885|0.9892754421034464|0|0||||210.7|14.35|23500.35|4.0|13.6||0||242.8|38|1.11|94000|235.0||0|0|0.141|0.093|||0.5124530002181187|0.3401989877439051|||Lundin Mining Corporation||||2026-04-17|15.1|-0.7095588235294117|-0.4985536736017468||||||||||||||-0.0912|-0.6542683891035909
LUMI6P240|||6550|||0.548||||0.548||-40749|-61242|-0.0328770833333333|-0.1344324879227053|-3248.7625|-13913.7625|0.8210562299356932|0.7000250666922885|0.9892754421034464|0|0||||210.7|16.75|24000.36|4.0|16.0||0||242.8|38|1.09|96000|240.0||0|0|0.161|0.107|||0.5124530002181187|0.3401989877439051|||Lundin Mining Corporation||||2026-04-17|17.5|-0.7095588235294117|-0.4985536736017468||||||||||||||-0.0805|-0.6542683891035909
LUMI6Q180|||1470|||0.808||||0.808||-45979|-73191|-0.0328770833333333|-0.1344324879227053|-3248.7625|-13913.7625|0.8210562299356932|0.7000250666922885|0.9892754421034464|0|0||||203.9|2.7|18000.27|6.0|2.3||0||242.8|56|1.35|108000|180.0||0|0|0.032|0.02|||0.5124530002181187|0.3401989877439051|||Lundin Mining Corporation||||2026-05-15|3.1|-0.7711538461538462|-0.5843626739441||||||||||||||-0.2698|-0.7156874650675848
LUMI6Q185|||1525|||0.808||||0.808||-40516|-63193|-0.0328770833333333|-0.1344324879227053|-3248.7625|-13913.7625|0.8210562299356932|0.7000250666922885|0.9892754421034464|0|0||||203.9|3.35|18500.28|5.0|2.95||0||242.8|56|1.27|92500|185.0||0|0|0.038|0.024|||0.5124530002181187|0.3401989877439051|||Lundin Mining Corporation||||2026-05-15|3.75|-0.7711538461538462|-0.5843626739441||||||||||||||-0.2519|-0.7156874650675848
LUMI6Q190|||1900|||0.808||||0.808||-42641|-65318|-0.0328770833333333|-0.1344324879227053|-3248.7625|-13913.7625|0.8210562299356932|0.7000250666922885|0.9892754421034464|0|0||||203.9|4.1|19000.28|5.0|3.7||0||242.8|56|1.22|95000|190.0||0|0|0.045|0.029|||0.5124530002181187|0.3401989877439051|||Lundin Mining Corporation||||2026-05-15|4.5|-0.7711538461538462|-0.5843626739441||||||||||||||-0.2343|-0.7156874650675848
LUMI6Q195|||2325|||0.808||||0.808||-44716|-67393|-0.0328770833333333|-0.1344324879227053|-3248.7625|-13913.7625|0.8210562299356932|0.7000250666922885|0.9892754421034464|0|0||||203.9|4.95|19500.29|5.0|4.5||0||242.8|56|1.2|97500|195.0||0|0|0.052|0.034|||0.5124530002181187|0.3401989877439051|||Lundin Mining Corporation||||2026-05-15|5.4|-0.7711538461538462|-0.5843626739441||||||||||||||-0.2173|-0.7156874650675848
LUMI6Q200|||2862|||0.808||||0.808||-46679|-69355|-0.0328770833333333|-0.1344324879227053|-3248.7625|-13913.7625|0.8210562299356932|0.7000250666922885|0.9892754421034464|0|0||||203.9|6.025|20000.3|5.0|5.5||0||242.8|56|1.19|100000|200.0||0|0|0.061|0.041|||0.5124530002181187|0.3401989877439051|||Lundin Mining Corporation||||2026-05-15|6.55|-0.7711538461538462|-0.5843626739441||||||||||||||-0.2011|-0.7156874650675848
LUMI6Q205|||3450|||0.808||||0.808||-48591|-71268|-0.0328770833333333|-0.1344324879227053|-3248.7625|-13913.7625|0.8210562299356932|0.7000250666922885|0.9892754421034464|0|0||||203.9|7.199999999999999|20500.31|5.0|6.55||0||242.8|56|1.2|102500|205.0||0|0|0.071|0.048|||0.5124530002181187|0.3401989877439051|||Lundin Mining Corporation||||2026-05-15|7.85|-0.7711538461538462|-0.5843626739441||||||||||||||-0.1853|-0.7156874650675848
LUMI6Q210|||4150|||0.751||||0.751||-50391|-73068|-0.0328770833333333|-0.1344324879227053|-3248.7625|-13913.7625|0.8210562299356932|0.7000250666922885|0.9892754421034464|0|0||||203.9|8.600000000000001|21000.32|5.0|7.9||0||242.8|56|1.18|105000|210.0||0|0|0.082|0.057|||0.5124530002181187|0.3401989877439051|||Lundin Mining Corporation||||2026-05-15|9.3|-0.7711538461538462|-0.5843626739441||||||||||||||-0.1705|-0.7156874650675848
LUMI6Q215|||4888|||0.714||||0.714||-52154|-74830|-0.0328770833333333|-0.1344324879227053|-3248.7625|-13913.7625|0.8210562299356932|0.7000250666922885|0.9892754421034464|0|0||||203.9|10.075|21500.32|5.0|9.25||0||242.8|56|1.18|107500|215.0||0|0|0.094|0.065|||0.5124530002181187|0.3401989877439051|||Lundin Mining Corporation||||2026-05-15|10.9|-0.7711538461538462|-0.5843626739441||||||||||||||-0.156|-0.7156874650675848
LUMI6Q220|||5775|||0.668||||0.668||-53766|-76443|-0.0328770833333333|-0.1344324879227053|-3248.7625|-13913.7625|0.8210562299356932|0.7000250666922885|0.9892754421034464|0|0||||203.9|11.85|22000.33|5.0|11.0||0||242.8|56|1.15|110000|220.0||0|0|0.107|0.076|||0.5124530002181187|0.3401989877439051|||Lundin Mining Corporation||||2026-05-15|12.7|-0.7711538461538462|-0.5843626739441||||||||||||||-0.1427|-0.7156874650675848
LUMI6Q225|||5330|||0.631||||0.631||-44303|-62444|-0.0328770833333333|-0.1344324879227053|-3248.7625|-13913.7625|0.8210562299356932|0.7000250666922885|0.9892754421034464|0|0||||203.9|13.7|22500.34|4.0|12.8||0||242.8|56|1.14|90000|225.0||0|0|0.12|0.085|||0.5124530002181187|0.3401989877439051|||Lundin Mining Corporation||||2026-05-15|14.6|-0.7711538461538462|-0.5843626739441||||||||||||||-0.1297|-0.7156874650675848
LUMI6Q230|||6170|||0.602||||0.602||-45463|-63604|-0.0328770833333333|-0.1344324879227053|-3248.7625|-13913.7625|0.8210562299356932|0.7000250666922885|0.9892754421034464|0|0||||203.9|15.8|23000.34|4.0|14.9||0||242.8|56|1.12|92000|230.0||0|0|0.136|0.097|||0.5124530002181187|0.3401989877439051|||Lundin Mining Corporation||||2026-05-15|16.7|-0.7711538461538462|-0.5843626739441||||||||||||||-0.1178|-0.7156874650675848
LUMI6Q235|||7110|||0.595||||0.595||-46523|-64664|-0.0328770833333333|-0.1344324879227053|-3248.7625|-13913.7625|0.8210562299356932|0.7000250666922885|0.9892754421034464|0|0||||203.9|18.15|23500.35|4.0|17.2||0||242.8|56|1.11|94000|235.0||0|0|0.153|0.11|||0.5124530002181187|0.3401989877439051|||Lundin Mining Corporation||||2026-05-15|19.1|-0.7711538461538462|-0.5843626739441||||||||||||||-0.1069|-0.7156874650675848
LUMI6Q240|||8090|||0.569||||0.569||-47543|-65684|-0.0328770833333333|-0.1344324879227053|-3248.7625|-13913.7625|0.8210562299356932|0.7000250666922885|0.9892754421034464|0|0||||203.9|20.6|24000.36|4.0|19.6||0||242.8|56|1.1|96000|240.0||0|0|0.17|0.123|||0.5124530002181187|0.3401989877439051|||Lundin Mining Corporation||||2026-05-15|21.6|-0.7711538461538462|-0.5843626739441||||||||||||||-0.0964|-0.7156874650675848
LUMI6R140|||480|||0.808||||0.808||-45596|-66688|-0.0328770833333333|-0.1344324879227053|-3248.7625|-13913.7625|0.8210562299356932|0.7000250666922885|0.9892754421034464|0|0||||196.3|0.9|14000.21|7.0|0.1||0||242.8|80|17.0|98000|140.0||0|0|0.011|0.007|||0.5124530002181187|0.3401989877439051|||Lundin Mining Corporation||||2026-06-18|1.7|-0.8185975609756098|-0.6944972942809369||||||||||||||-0.4271|-0.7678701209253438
LUMI6R145|||641|||0.808||||0.808||-48935|-70027|-0.0328770833333333|-0.1344324879227053|-3248.7625|-13913.7625|0.8210562299356932|0.7000250666922885|0.9892754421034464|0|0||||196.3|1.13|14500.22|7.0|0.36||0||242.8|80|5.28|101500|145.0||0|0|0.013|0.009|||0.5124530002181187|0.3401989877439051|||Lundin Mining Corporation||||2026-06-18|1.9|-0.8185975609756098|-0.6944972942809369||||||||||||||-0.4075|-0.7678701209253438
LUMI6R150|||847|||0.808||||0.808||-52229|-73321|-0.0328770833333333|-0.1344324879227053|-3248.7625|-13913.7625|0.8210562299356932|0.7000250666922885|0.9892754421034464|0|0||||196.3|1.4249999999999998|15000.22|7.0|0.7||0||242.8|80|3.07|105000|150.0||0|0|0.016|0.012|||0.5124530002181187|0.3401989877439051|||Lundin Mining Corporation||||2026-06-18|2.15|-0.8185975609756098|-0.6944972942809369||||||||||||||-0.3881|-0.7678701209253438
LUMI6R155|||900|||0.808||||0.808||-47594|-65673|-0.0328770833333333|-0.1344324879227053|-3248.7625|-13913.7625|0.8210562299356932|0.7000250666922885|0.9892754421034464|0|0||||196.3|1.75|15500.23|6.0|1.05||0||242.8|80|2.33|93000|155.0||0|0|0.019|0.014|||0.5124530002181187|0.3401989877439051|||Lundin Mining Corporation||||2026-06-18|2.45|-0.8185975609756098|-0.6944972942809369||||||||||||||-0.3688|-0.7678701209253438
LUMI6R160|||1140|||0.808||||0.808||-50354|-68433|-0.0328770833333333|-0.1344324879227053|-3248.7625|-13913.7625|0.8210562299356932|0.7000250666922885|0.9892754421034464|0|0||||196.3|2.15|16000.24|6.0|1.45||0||242.8|80|1.97|96000|160.0||0|0|0.023|0.017|||0.5124530002181187|0.3401989877439051|||Lundin Mining Corporation||||2026-06-18|2.85|-0.8185975609756098|-0.6944972942809369||||||||||||||-0.3499|-0.7678701209253438
LUMI6R165|||1410|||0.808||||0.808||-53084|-71163|-0.0328770833333333|-0.1344324879227053|-3248.7625|-13913.7625|0.8210562299356932|0.7000250666922885|0.9892754421034464|0|0||||196.3|2.5999999999999996|16500.25|6.0|1.9||0||242.8|80|1.74|99000|165.0||0|0|0.027|0.02|||0.5124530002181187|0.3401989877439051|||Lundin Mining Corporation||||2026-06-18|3.3|-0.8185975609756098|-0.6944972942809369||||||||||||||-0.3311|-0.7678701209253438
LUMI6R170|||1740|||0.808||||0.808||-55754|-73833|-0.0328770833333333|-0.1344324879227053|-3248.7625|-13913.7625|0.8210562299356932|0.7000250666922885|0.9892754421034464|0|0||||196.3|3.15|17000.26|6.0|2.5||0||242.8|80|1.52|102000|170.0||0|0|0.031|0.024|||0.5124530002181187|0.3401989877439051|||Lundin Mining Corporation||||2026-06-18|3.8|-0.8185975609756098|-0.6944972942809369||||||||||||||-0.3128|-0.7678701209253438
LUMI6R175|||2040|||0.808||||0.808||-58454|-76533|-0.0328770833333333|-0.1344324879227053|-3248.7625|-13913.7625|0.8210562299356932|0.7000250666922885|0.9892754421034464|0|0||||196.3|3.6500000000000004|17500.26|6.0|2.85||0||242.8|80|1.56|105000|175.0||0|0|0.035|0.027|||0.5124530002181187|0.3401989877439051|||Lundin Mining Corporation||||2026-06-18|4.45|-0.8185975609756098|-0.6944972942809369||||||||||||||-0.2943|-0.7678701209253438
LUMI6R180|||2460|||0.808||||0.808||-61034|-79113|-0.0328770833333333|-0.1344324879227053|-3248.7625|-13913.7625|0.8210562299356932|0.7000250666922885|0.9892754421034464|0|0||||196.3|4.35|18000.27|6.0|3.55||0||242.8|80|1.45|108000|180.0||0|0|0.04|0.031|||0.5124530002181187|0.3401989877439051|||Lundin Mining Corporation||||2026-06-18|5.15|-0.8185975609756098|-0.6944972942809369||||||||||||||-0.2766|-0.7678701209253438
LUMI6R185|||2525|||0.808||||0.808||-52886|-67952|-0.0328770833333333|-0.1344324879227053|-3248.7625|-13913.7625|0.8210562299356932|0.7000250666922885|0.9892754421034464|0|0||||196.3|5.35|18500.28|5.0|4.65||0||242.8|80|1.3|92500|185.0||0|0|0.048|0.037|||0.5124530002181187|0.3401989877439051|||Lundin Mining Corporation||||2026-06-18|6.05|-0.8185975609756098|-0.6944972942809369||||||||||||||-0.2601|-0.7678701209253438
LUMI6R190|||3025|||0.808||||0.808||-54886|-69952|-0.0328770833333333|-0.1344324879227053|-3248.7625|-13913.7625|0.8210562299356932|0.7000250666922885|0.9892754421034464|0|0||||196.3|6.35|19000.28|5.0|5.5||0||242.8|80|1.31|95000|190.0||0|0|0.055|0.043|||0.5124530002181187|0.3401989877439051|||Lundin Mining Corporation||||2026-06-18|7.2|-0.8185975609756098|-0.6944972942809369||||||||||||||-0.2436|-0.7678701209253438
LUMI6R195|||3575|||0.808||||0.808||-56836|-71902|-0.0328770833333333|-0.1344324879227053|-3248.7625|-13913.7625|0.8210562299356932|0.7000250666922885|0.9892754421034464|0|0||||196.3|7.449999999999999|19500.29|5.0|6.45||0||242.8|80|1.31|97500|195.0||0|0|0.063|0.05|||0.5124530002181187|0.3401989877439051|||Lundin Mining Corporation||||2026-06-18|8.45|-0.8185975609756098|-0.6944972942809369||||||||||||||-0.2276|-0.7678701209253438
LUMI6R200|||4200|||0.808||||0.808||-58711|-73777|-0.0328770833333333|-0.1344324879227053|-3248.7625|-13913.7625|0.8210562299356932|0.7000250666922885|0.9892754421034464|0|0||||196.3|8.7|20000.3|5.0|7.45||0||242.8|80|1.34|100000|200.0||0|0|0.072|0.057|||0.5124530002181187|0.3401989877439051|||Lundin Mining Corporation||||2026-06-18|9.95|-0.8185975609756098|-0.6944972942809369||||||||||||||-0.2121|-0.7678701209253438
LUMI6R210|||5662|||0.751||||0.751||-62249|-77315|-0.0328770833333333|-0.1344324879227053|-3248.7625|-13913.7625|0.8210562299356932|0.7000250666922885|0.9892754421034464|0|0||||196.3|11.625|21000.32|5.0|9.95||0||242.8|80|1.34|105000|210.0||0|0|0.091|0.073|||0.5124530002181187|0.3401989877439051|||Lundin Mining Corporation||||2026-06-18|13.3|-0.8185975609756098|-0.6944972942809369||||||||||||||-0.183|-0.7678701209253438
LUMI6R220|||7500|||0.668||||0.668||-65411|-80477|-0.0328770833333333|-0.1344324879227053|-3248.7625|-13913.7625|0.8210562299356932|0.7000250666922885|0.9892754421034464|0|0||||196.3|15.3|22000.33|5.0|13.6||0||242.8|80|1.25|110000|220.0||0|0|0.115|0.093|||0.5124530002181187|0.3401989877439051|||Lundin Mining Corporation||||2026-06-18|17.0|-0.8185975609756098|-0.6944972942809369||||||||||||||-0.1569|-0.7678701209253438
LUMI6R230|||7630|||0.602||||0.602||-54699|-66752|-0.0328770833333333|-0.1344324879227053|-3248.7625|-13913.7625|0.8210562299356932|0.7000250666922885|0.9892754421034464|0|0||||196.3|19.45|23000.34|4.0|17.7||0||242.8|80|1.2|92000|230.0||0|0|0.139|0.114|||0.5124530002181187|0.3401989877439051|||Lundin Mining Corporation||||2026-06-18|21.2|-0.8185975609756098|-0.6944972942809369||||||||||||||-0.1328|-0.7678701209253438
LUMI6R240|||9570|||0.569||||0.569||-56759|-68812|-0.0328770833333333|-0.1344324879227053|-3248.7625|-13913.7625|0.8210562299356932|0.7000250666922885|0.9892754421034464|0|0||||196.3|24.3|24000.36|4.0|22.6||0||242.8|80|1.15|96000|240.0||0|0|0.169|0.139|||0.5124530002181187|0.3401989877439051|||Lundin Mining Corporation||||2026-06-18|26.0|-0.8185975609756098|-0.6944972942809369||||||||||||||-0.1116|-0.7678701209253438
LUMI6U130|||1210|||0.808||||0.808||-70219|-81776|-0.0328770833333333|-0.1344324879227053|-3248.7625|-13913.7625|0.8210562299356932|0.7000250666922885|0.9892754421034464|0|0||||180.1|1.7|13000.2|8.0|0.9||0||242.8|145|2.78|104000|130.0||0|0|0.017|0.015|||0.5124530002181187|0.3401989877439051|||Lundin Mining Corporation||||2026-09-18|2.5|-0.8918181818181817|-0.8323183181990127||||||||||||||-0.4716|-0.8543797427576039
LUMI6U135|||1285|||0.808||||0.808||-64715|-74828|-0.0328770833333333|-0.1344324879227053|-3248.7625|-13913.7625|0.8210562299356932|0.7000250666922885|0.9892754421034464|0|0||||180.1|2.05|13500.2|7.0|1.25||0||242.8|145|2.28|94500|135.0||0|0|0.02|0.017|||0.5124530002181187|0.3401989877439051|||Lundin Mining Corporation||||2026-09-18|2.85|-0.8918181818181817|-0.8323183181990127||||||||||||||-0.4524|-0.8543797427576039
LUMI6U140|||1530|||0.808||||0.808||-67970|-78083|-0.0328770833333333|-0.1344324879227053|-3248.7625|-13913.7625|0.8210562299356932|0.7000250666922885|0.9892754421034464|0|0||||180.1|2.4000000000000004|14000.21|7.0|1.6||0||242.8|145|2.0|98000|140.0||0|0|0.023|0.02|||0.5124530002181187|0.3401989877439051|||Lundin Mining Corporation||||2026-09-18|3.2|-0.8918181818181817|-0.8323183181990127||||||||||||||-0.4333|-0.8543797427576039
LUMI6U145|||1845|||0.808||||0.808||-71155|-81268|-0.0328770833333333|-0.1344324879227053|-3248.7625|-13913.7625|0.8210562299356932|0.7000250666922885|0.9892754421034464|0|0||||180.1|2.8499999999999996|14500.22|7.0|2.05||0||242.8|145|1.78|101500|145.0||0|0|0.026|0.023|||0.5124530002181187|0.3401989877439051|||Lundin Mining Corporation||||2026-09-18|3.65|-0.8918181818181817|-0.8323183181990127||||||||||||||-0.4145|-0.8543797427576039
LUMI6U150|||2230|||0.808||||0.808||-74270|-84383|-0.0328770833333333|-0.1344324879227053|-3248.7625|-13913.7625|0.8210562299356932|0.7000250666922885|0.9892754421034464|0|0||||180.1|3.4000000000000004|15000.22|7.0|2.6||0||242.8|145|1.62|105000|150.0||0|0|0.03|0.026|||0.5124530002181187|0.3401989877439051|||Lundin Mining Corporation||||2026-09-18|4.2|-0.8918181818181817|-0.8323183181990127||||||||||||||-0.3962|-0.8543797427576039
LUMI6U160|||2670|||0.808||||0.808||-68902|-77570|-0.0328770833333333|-0.1344324879227053|-3248.7625|-13913.7625|0.8210562299356932|0.7000250666922885|0.9892754421034464|0|0||||180.1|4.7|16000.24|6.0|3.9||0||242.8|145|1.41|96000|160.0||0|0|0.039|0.034|||0.5124530002181187|0.3401989877439051|||Lundin Mining Corporation||||2026-09-18|5.5|-0.8918181818181817|-0.8323183181990127||||||||||||||-0.3604|-0.8543797427576039
LUMI6U170|||3750|||0.808||||0.808||-73822|-82490|-0.0328770833333333|-0.1344324879227053|-3248.7625|-13913.7625|0.8210562299356932|0.7000250666922885|0.9892754421034464|0|0||||180.1|6.5|17000.26|6.0|5.55||0||242.8|145|1.34|102000|170.0||0|0|0.051|0.045|||0.5124530002181187|0.3401989877439051|||Lundin Mining Corporation||||2026-09-18|7.45|-0.8918181818181817|-0.8323183181990127||||||||||||||-0.3266|-0.8543797427576039
LUMI6U180|||5055|||0.808||||0.808||-78517|-87185|-0.0328770833333333|-0.1344324879227053|-3248.7625|-13913.7625|0.8210562299356932|0.7000250666922885|0.9892754421034464|0|0||||180.1|8.675|18000.27|6.0|7.4||0||242.8|145|1.34|108000|180.0||0|0|0.064|0.058|||0.5124530002181187|0.3401989877439051|||Lundin Mining Corporation||||2026-09-18|9.95|-0.8918181818181817|-0.8323183181990127||||||||||||||-0.2944|-0.8543797427576039
LUMI6U190|||5488|||0.808||||0.808||-69155|-76379|-0.0328770833333333|-0.1344324879227053|-3248.7625|-13913.7625|0.8210562299356932|0.7000250666922885|0.9892754421034464|0|0||||180.1|11.275|19000.28|5.0|9.65||0||242.8|145|1.34|95000|190.0||0|0|0.079|0.072|||0.5124530002181187|0.3401989877439051|||Lundin Mining Corporation||||2026-09-18|12.9|-0.8918181818181817|-0.8323183181990127||||||||||||||-0.2639|-0.8543797427576039
LUMI6U200|||7075|||0.808||||0.808||-72568|-79791|-0.0328770833333333|-0.1344324879227053|-3248.7625|-13913.7625|0.8210562299356932|0.7000250666922885|0.9892754421034464|0|0||||180.1|14.45|20000.3|5.0|12.7||0||242.8|145|1.28|100000|200.0||0|0|0.097|0.089|||0.5124530002181187|0.3401989877439051|||Lundin Mining Corporation||||2026-09-18|16.2|-0.8918181818181817|-0.8323183181990127||||||||||||||-0.2358|-0.8543797427576039
LUMI6U210|||8925|||0.751||||0.751||-75718|-82941|-0.0328770833333333|-0.1344324879227053|-3248.7625|-13913.7625|0.8210562299356932|0.7000250666922885|0.9892754421034464|0|0||||180.1|18.15|21000.32|5.0|16.5||0||242.8|145|1.2|105000|210.0||0|0|0.118|0.108|||0.5124530002181187|0.3401989877439051|||Lundin Mining Corporation||||2026-09-18|19.8|-0.8918181818181817|-0.8323183181990127||||||||||||||-0.2098|-0.8543797427576039
LUMI6U220|||10950|||0.668||||0.668||-78693|-85916|-0.0328770833333333|-0.1344324879227053|-3248.7625|-13913.7625|0.8210562299356932|0.7000250666922885|0.9892754421034464|0|0||||180.1|22.200000000000003|22000.33|5.0|20.6||0||242.8|145|1.16|110000|220.0||0|0|0.139|0.127|||0.5124530002181187|0.3401989877439051|||Lundin Mining Corporation||||2026-09-18|23.8|-0.8918181818181817|-0.8323183181990127||||||||||||||-0.1853|-0.8543797427576039
LUMI6U230|||10570|||0.602||||0.602||-65144|-70923|-0.0328770833333333|-0.1344324879227053|-3248.7625|-13913.7625|0.8210562299356932|0.7000250666922885|0.9892754421034464|0|0||||180.1|26.799999999999997|23000.34|4.0|25.2||0||242.8|145|1.13|92000|230.0||0|0|0.162|0.149|||0.5124530002181187|0.3401989877439051|||Lundin Mining Corporation||||2026-09-18|28.4|-0.8918181818181817|-0.8323183181990127||||||||||||||-0.1631|-0.8543797427576039
LUMI6U240|||12610|||0.569||||0.569||-67104|-72883|-0.0328770833333333|-0.1344324879227053|-3248.7625|-13913.7625|0.8210562299356932|0.7000250666922885|0.9892754421034464|0|0||||180.1|31.9|24000.36|4.0|30.2||0||242.8|145|1.11|96000|240.0||0|0|0.188|0.173|||0.5124530002181187|0.3401989877439051|||Lundin Mining Corporation||||2026-09-18|33.6|-0.8918181818181817|-0.8323183181990127||||||||||||||-0.1429|-0.8543797427576039
LUMI6X115|||1515|||0.808||||0.808||-65215|-81523|-0.0328770833333333|-0.1344324879227053|-3248.7625|-13913.7625|0.8210562299356932|0.7000250666922885|0.9892754421034464|0|0||||167.4|1.85|11500.17|9.0|1.05||0||242.8|210|2.52|103500|115.0||0|0|0.023|0.019|||0.5124530002181187|0.3401989877439051|||Lundin Mining Corporation||||2026-12-18|2.65|-0.9063636363636364|-0.8317359573594295||||||||||||||-0.534|-0.8771929824561402
LUMI6X120|||1610|||0.808||||0.808||-61706|-76202|-0.0328770833333333|-0.1344324879227053|-3248.7625|-13913.7625|0.8210562299356932|0.7000250666922885|0.9892754421034464|0|0||||167.4|2.2|12000.18|8.0|1.4||0||242.8|210|2.14|96000|120.0||0|0|0.026|0.021|||0.5124530002181187|0.3401989877439051|||Lundin Mining Corporation||||2026-12-18|3.0|-0.9063636363636364|-0.8317359573594295||||||||||||||-0.5148|-0.8771929824561402
LUMI6X130|||2290|||0.808||||0.808||-69026|-83522|-0.0328770833333333|-0.1344324879227053|-3248.7625|-13913.7625|0.8210562299356932|0.7000250666922885|0.9892754421034464|0|0||||167.4|3.05|13000.2|8.0|2.25||0||242.8|210|1.71|104000|130.0||0|0|0.033|0.027|||0.5124530002181187|0.3401989877439051|||Lundin Mining Corporation||||2026-12-18|3.85|-0.9063636363636364|-0.8317359573594295||||||||||||||-0.4771|-0.8771929824561402
LUMI6X140|||2790|||0.808||||0.808||-66611|-79295|-0.0328770833333333|-0.1344324879227053|-3248.7625|-13913.7625|0.8210562299356932|0.7000250666922885|0.9892754421034464|0|0||||167.4|4.2|14000.21|7.0|3.4||0||242.8|210|1.47|98000|140.0||0|0|0.042|0.035|||0.5124530002181187|0.3401989877439051|||Lundin Mining Corporation||||2026-12-18|5.0|-0.9063636363636364|-0.8317359573594295||||||||||||||-0.4407|-0.8771929824561402
LUMI6X150|||3822|||0.808||||0.808||-72579|-85263|-0.0328770833333333|-0.1344324879227053|-3248.7625|-13913.7625|0.8210562299356932|0.7000250666922885|0.9892754421034464|0|0||||167.4|5.675|15000.22|7.0|4.75||0||242.8|210|1.39|105000|150.0||0|0|0.053|0.045|||0.5124530002181187|0.3401989877439051|||Lundin Mining Corporation||||2026-12-18|6.6|-0.9063636363636364|-0.8317359573594295||||||||||||||-0.4056|-0.8771929824561402
LUMI6X160|||4335|||0.808||||0.808||-67152|-78024|-0.0328770833333333|-0.1344324879227053|-3248.7625|-13913.7625|0.8210562299356932|0.7000250666922885|0.9892754421034464|0|0||||167.4|7.475|16000.24|6.0|6.25||0||242.8|210|1.39|96000|160.0||0|0|0.065|0.056|||0.5124530002181187|0.3401989877439051|||Lundin Mining Corporation||||2026-12-18|8.7|-0.9063636363636364|-0.8317359573594295||||||||||||||-0.3718|-0.8771929824561402
LUMI6X170|||5670|||0.808||||0.808||-71817|-82689|-0.0328770833333333|-0.1344324879227053|-3248.7625|-13913.7625|0.8210562299356932|0.7000250666922885|0.9892754421034464|0|0||||167.4|9.7|17000.26|6.0|8.1||0||242.8|210|1.4|102000|170.0||0|0|0.079|0.069|||0.5124530002181187|0.3401989877439051|||Lundin Mining Corporation||||2026-12-18|11.3|-0.9063636363636364|-0.8317359573594295||||||||||||||-0.3398|-0.8771929824561402
LUMI6X180|||7290|||0.808||||0.808||-76197|-87069|-0.0328770833333333|-0.1344324879227053|-3248.7625|-13913.7625|0.8210562299356932|0.7000250666922885|0.9892754421034464|0|0||||167.4|12.4|18000.27|6.0|10.4||0||242.8|210|1.38|108000|180.0||0|0|0.096|0.084|||0.5124530002181187|0.3401989877439051|||Lundin Mining Corporation||||2026-12-18|14.4|-0.9063636363636364|-0.8317359573594295||||||||||||||-0.3097|-0.8771929824561402
LUMI6X190|||7550|||0.808||||0.808||-67022|-76082|-0.0328770833333333|-0.1344324879227053|-3248.7625|-13913.7625|0.8210562299356932|0.7000250666922885|0.9892754421034464|0|0||||167.4|15.399999999999999|19000.28|5.0|13.4||0||242.8|210|1.3|95000|190.0||0|0|0.113|0.099|||0.5124530002181187|0.3401989877439051|||Lundin Mining Corporation||||2026-12-18|17.4|-0.9063636363636364|-0.8317359573594295||||||||||||||-0.2809|-0.8771929824561402
LUMI6X200|||9350|||0.808||||0.808||-70222|-79282|-0.0328770833333333|-0.1344324879227053|-3248.7625|-13913.7625|0.8210562299356932|0.7000250666922885|0.9892754421034464|0|0||||167.4|19.0|20000.3|5.0|17.0||0||242.8|210|1.24|100000|200.0||0|0|0.133|0.118|||0.5124530002181187|0.3401989877439051|||Lundin Mining Corporation||||2026-12-18|21.0|-0.9063636363636364|-0.8317359573594295||||||||||||||-0.2545|-0.8771929824561402
LUMI6X210|||11350|||0.751||||0.751||-73222|-82282|-0.0328770833333333|-0.1344324879227053|-3248.7625|-13913.7625|0.8210562299356932|0.7000250666922885|0.9892754421034464|0|0||||167.4|23.0|21000.32|5.0|21.0||0||242.8|210|1.19|105000|210.0||0|0|0.155|0.138|||0.5124530002181187|0.3401989877439051|||Lundin Mining Corporation||||2026-12-18|25.0|-0.9063636363636364|-0.8317359573594295||||||||||||||-0.2298|-0.8771929824561402
LUMI6X220|||13550|||0.668||||0.668||-76022|-85082|-0.0328770833333333|-0.1344324879227053|-3248.7625|-13913.7625|0.8210562299356932|0.7000250666922885|0.9892754421034464|0|0||||167.4|27.4|22000.33|5.0|25.4||0||242.8|210|1.16|110000|220.0||0|0|0.178|0.159|||0.5124530002181187|0.3401989877439051|||Lundin Mining Corporation||||2026-12-18|29.4|-0.9063636363636364|-0.8317359573594295||||||||||||||-0.2068|-0.8771929824561402
LUMI6X230|||12730|||0.602||||0.602||-62928|-70176|-0.0328770833333333|-0.1344324879227053|-3248.7625|-13913.7625|0.8210562299356932|0.7000250666922885|0.9892754421034464|0|0||||167.4|32.2|23000.34|4.0|30.2||0||242.8|210|1.13|92000|230.0||0|0|0.202|0.181|||0.5124530002181187|0.3401989877439051|||Lundin Mining Corporation||||2026-12-18|34.2|-0.9063636363636364|-0.8317359573594295||||||||||||||-0.1853|-0.8771929824561402
LUMI6X240|||14810|||0.569||||0.569||-64848|-72096|-0.0328770833333333|-0.1344324879227053|-3248.7625|-13913.7625|0.8210562299356932|0.7000250666922885|0.9892754421034464|0|0||||167.4|37.4|24000.36|4.0|35.4||0||242.8|210|1.11|96000|240.0||0|0|0.228|0.205|||0.5124530002181187|0.3401989877439051|||Lundin Mining Corporation||||2026-12-18|39.4|-0.9063636363636364|-0.8317359573594295||||||||||||||-0.1656|-0.8771929824561402
