HistoricalPeakThreshold,ProbMethod,CurrentProb_Bin,DTE_Bin,RecoveryCandidate_N,RecoveryCandidate_WorthlessCount,RecoveryCandidate_WorthlessRate_pct,AllOptions_N,AllOptions_WorthlessCount,AllOptions_WorthlessRate_pct,RecoveryAdvantage_pp
0.8,Weighted Average,80-90%,0-7,6915,5966,86.27621113521332,6915,5966,86.27621113521332,0.0
0.8,Weighted Average,80-90%,15-21,7511,6566,87.41845293569432,7511,6566,87.41845293569432,0.0
0.8,Weighted Average,80-90%,36+,14364,12878,89.65469228627123,14364,12878,89.65469228627123,0.0
0.8,Weighted Average,80-90%,22-28,4371,3945,90.25394646533974,4371,3945,90.25394646533974,0.0
0.8,Weighted Average,80-90%,29-35,2287,2032,88.85002186270223,2287,2032,88.85002186270223,0.0
0.8,Weighted Average,80-90%,8-14,9008,7798,86.56749555950266,9008,7798,86.56749555950266,0.0
0.8,Weighted Average,50-60%,0-7,1836,1280,69.71677559912854,5546,3342,60.25964659213848,9.457129006990058
0.8,Weighted Average,50-60%,15-21,1280,1014,79.21875,2693,1581,58.707760861492766,20.510989138507234
0.8,Weighted Average,50-60%,22-28,1158,944,81.51986183074266,2113,1281,60.624704212020816,20.89515761872184
0.8,Weighted Average,50-60%,36+,5047,4069,80.6221517733307,8474,5057,59.676658012744866,20.945493760585833
0.8,Weighted Average,50-60%,29-35,816,634,77.69607843137256,1416,854,60.31073446327684,17.385343968095718
0.8,Weighted Average,50-60%,8-14,1701,1271,74.72075249853027,4741,2591,54.6509175279477,20.069834970582576
0.8,Weighted Average,70-80%,15-21,5084,4309,84.7560975609756,6340,4910,77.44479495268138,7.311302608294227
0.8,Weighted Average,70-80%,0-7,3266,2710,82.97611757501531,7051,5414,76.78343497376258,6.192682601252727
0.8,Weighted Average,70-80%,8-14,5798,4818,83.09761986892032,8381,6359,75.87400071590503,7.223619153015292
0.8,Weighted Average,70-80%,36+,11673,10020,85.83911590850681,13650,10907,79.9047619047619,5.9343540037449145
0.8,Weighted Average,70-80%,22-28,3060,2651,86.63398692810458,3808,3026,79.46428571428571,7.169701213818868
0.8,Weighted Average,70-80%,29-35,1584,1377,86.93181818181817,1989,1586,79.73856209150327,7.193256090314904
0.8,Weighted Average,60-70%,15-21,3173,2667,84.05294673810275,5004,3408,68.10551558752998,15.947431150572768
0.8,Weighted Average,60-70%,0-7,2671,2054,76.90003743916137,6894,4627,67.11633304322599,9.783704395935374
0.8,Weighted Average,60-70%,22-28,2096,1780,84.92366412213741,3149,2180,69.22832645284217,15.695337669295242
0.8,Weighted Average,60-70%,36+,8767,7300,83.26679593931789,12000,8451,70.42500000000001,12.841795939317876
0.8,Weighted Average,60-70%,29-35,1265,1029,81.34387351778656,1742,1187,68.14006888633754,13.203804631449017
0.8,Weighted Average,60-70%,8-14,4016,3144,78.28685258964143,7580,4991,65.84432717678101,12.44252541286042
0.8,Bayesian Calibrated,70-80%,0-7,3740,3001,80.24064171122994,6671,4941,74.0668565432469,6.173785167983041
0.8,Bayesian Calibrated,70-80%,15-21,5216,4346,83.32055214723927,6017,4601,76.46667774638523,6.853874400854039
0.8,Bayesian Calibrated,70-80%,22-28,3425,2826,82.51094890510949,3851,2967,77.04492339652037,5.466025508589112
0.8,Bayesian Calibrated,70-80%,36+,11045,9032,81.77455862381167,12279,9388,76.4557374379021,5.31882118590957
0.8,Bayesian Calibrated,70-80%,8-14,6154,5042,81.93045173870654,8080,6019,74.49257425742574,7.437877481280793
0.8,Bayesian Calibrated,70-80%,29-35,1621,1339,82.60333127698951,1787,1382,77.33631785114717,5.267013425842336
0.8,Bayesian Calibrated,50-60%,0-7,1277,920,72.04385277995301,3367,1980,58.8060588060588,13.237793973894213
0.8,Bayesian Calibrated,50-60%,15-21,1996,1541,77.20440881763527,3293,1965,59.67203158214394,17.53237723549133
0.8,Bayesian Calibrated,50-60%,22-28,1476,1134,76.82926829268293,2153,1295,60.148629818857415,16.68063847382551
0.8,Bayesian Calibrated,50-60%,36+,6013,4559,75.8190587061367,8033,4891,60.886343831694255,14.932714874442446
0.8,Bayesian Calibrated,50-60%,8-14,2515,1846,73.39960238568588,4850,2725,56.18556701030928,17.214035375376604
0.8,Bayesian Calibrated,50-60%,29-35,958,705,73.59081419624218,1272,760,59.74842767295597,13.842386523286208
0.8,Bayesian Calibrated,80-90%,15-21,6706,5650,84.25290784372204,6706,5650,84.25290784372204,0.0
0.8,Bayesian Calibrated,80-90%,36+,14779,12648,85.58089180594087,14779,12648,85.58089180594087,0.0
0.8,Bayesian Calibrated,80-90%,29-35,2142,1826,85.24743230625583,2142,1826,85.24743230625583,0.0
0.8,Bayesian Calibrated,80-90%,8-14,8756,7378,84.26222019186844,8756,7378,84.26222019186844,0.0
0.8,Bayesian Calibrated,80-90%,0-7,6904,5771,83.58922363847046,6904,5771,83.58922363847046,0.0
0.8,Bayesian Calibrated,80-90%,22-28,3846,3279,85.25741029641186,3846,3279,85.25741029641186,0.0
0.8,Bayesian Calibrated,60-70%,15-21,4041,3307,81.83617916357338,5475,3733,68.18264840182648,13.653530761746893
0.8,Bayesian Calibrated,60-70%,22-28,2337,1878,80.3594351732991,2972,2066,69.51547779273217,10.843957380566934
0.8,Bayesian Calibrated,60-70%,36+,8672,6794,78.34409594095942,10605,7243,68.2979726544083,10.046123286551122
0.8,Bayesian Calibrated,60-70%,8-14,4237,3281,77.43686570686806,6603,4368,66.15174920490686,11.285116501961198
0.8,Bayesian Calibrated,60-70%,29-35,1319,1015,76.95223654283548,1619,1090,67.32550957381099,9.626726969024489
0.8,Bayesian Calibrated,60-70%,0-7,2923,2225,76.12042422169004,6094,4001,65.65474236954381,10.465681852146233
0.8,Original Black-Scholes,80-90%,0-7,6709,5950,88.68683857504844,6709,5950,88.68683857504844,0.0
0.8,Original Black-Scholes,80-90%,15-21,7679,6893,89.76429222555021,7679,6893,89.76429222555021,0.0
0.8,Original Black-Scholes,80-90%,36+,14770,13417,90.83953960731212,14770,13417,90.83953960731212,0.0
0.8,Original Black-Scholes,80-90%,22-28,4293,3897,90.77568134171908,4293,3897,90.77568134171908,0.0
0.8,Original Black-Scholes,80-90%,8-14,8571,7524,87.78438921946096,8571,7524,87.78438921946096,0.0
0.8,Original Black-Scholes,80-90%,29-35,1925,1753,91.06493506493506,1925,1753,91.06493506493506,0.0
0.8,Original Black-Scholes,50-60%,0-7,1964,1448,73.72708757637476,6438,3952,61.385523454488975,12.341564121885781
0.8,Original Black-Scholes,50-60%,15-21,2693,2305,85.59227627181582,5443,3376,62.024618776410065,23.567657495405754
0.8,Original Black-Scholes,50-60%,22-28,1946,1738,89.31140801644398,3398,2237,65.83284284873456,23.47856516770942
0.8,Original Black-Scholes,50-60%,36+,7808,6543,83.79866803278688,13102,7799,59.525263318577316,24.273404714209562
0.8,Original Black-Scholes,50-60%,29-35,961,758,78.87617065556711,1595,949,59.49843260188088,19.37773805368623
0.8,Original Black-Scholes,50-60%,8-14,2843,2211,77.76996130847697,7514,4403,58.59728506787331,19.172676240603657
0.8,Original Black-Scholes,70-80%,15-21,5399,4756,88.09038710872383,6734,5464,81.14048114048114,6.949905968242689
0.8,Original Black-Scholes,70-80%,36+,12803,11273,88.04967585722096,14544,11884,81.71067106710672,6.339004790114245
0.8,Original Black-Scholes,70-80%,8-14,5723,4893,85.49711689673248,8607,6728,78.16893226443592,7.328184632296555
0.8,Original Black-Scholes,70-80%,22-28,3371,2968,88.04509047760308,3950,3241,82.05063291139241,5.99445756621067
0.8,Original Black-Scholes,70-80%,29-35,1518,1342,88.40579710144928,1764,1466,83.10657596371883,5.299221137730456
0.8,Original Black-Scholes,70-80%,0-7,3170,2700,85.17350157728707,7093,5683,80.12124629916819,5.052255278118878
0.8,Original Black-Scholes,60-70%,15-21,3801,3284,86.39831623257037,5954,4295,72.13637890493786,14.26193732763251
0.8,Original Black-Scholes,60-70%,0-7,2460,1951,79.3089430894309,6759,4800,71.01642254771417,8.292520541716726
0.8,Original Black-Scholes,60-70%,8-14,3974,3302,83.09008555611474,7837,5385,68.71251754497895,14.377568011135793
0.8,Original Black-Scholes,60-70%,36+,10221,8752,85.62762939047059,13819,9807,70.96750850278602,14.66012088768457
0.8,Original Black-Scholes,60-70%,22-28,2540,2244,88.34645669291339,3631,2642,72.76232442853208,15.58413226438131
0.8,Original Black-Scholes,60-70%,29-35,1209,1031,85.27708850289496,1659,1207,72.7546714888487,12.522417014046255
0.8,Bias Corrected,80-90%,0-7,6753,5788,85.7100547904635,6753,5788,85.7100547904635,0.0
0.8,Bias Corrected,80-90%,15-21,7237,6187,85.4912256459859,7237,6187,85.4912256459859,0.0
0.8,Bias Corrected,80-90%,36+,15898,14000,88.06139136998364,15898,14000,88.06139136998364,0.0
0.8,Bias Corrected,80-90%,8-14,8493,7279,85.70587542682209,8493,7279,85.70587542682209,0.0
0.8,Bias Corrected,80-90%,22-28,4020,3550,88.30845771144278,4020,3550,88.30845771144278,0.0
0.8,Bias Corrected,80-90%,29-35,2086,1828,87.63183125599234,2086,1828,87.63183125599234,0.0
0.8,Bias Corrected,50-60%,0-7,2251,1565,69.52465570857397,6116,3663,59.89208633093526,9.632569377638717
0.8,Bias Corrected,50-60%,15-21,1141,903,79.14110429447852,2470,1464,59.27125506072875,19.869849233749775
0.8,Bias Corrected,50-60%,22-28,1168,943,80.73630136986301,2007,1220,60.78724464374689,19.949056726116126
0.8,Bias Corrected,50-60%,36+,5349,4252,79.49149373714714,8144,5080,62.37721021611002,17.114283521037116
0.8,Bias Corrected,50-60%,29-35,951,728,76.5509989484753,1416,857,60.5225988700565,16.028400078418798
0.8,Bias Corrected,50-60%,8-14,1804,1348,74.72283813747228,4574,2591,56.64626147791867,18.07657665955361
0.8,Bias Corrected,70-80%,15-21,4915,4133,84.08952187182096,6058,4614,76.16375041267746,7.925771459143505
0.8,Bias Corrected,70-80%,0-7,3500,2872,82.05714285714286,6998,5404,77.22206344669905,4.835079410443811
0.8,Bias Corrected,70-80%,8-14,5917,4921,83.16714551292885,8568,6500,75.86367880485527,7.303466708073586
0.8,Bias Corrected,70-80%,36+,11426,9520,83.31874671801155,12798,9948,77.73089545241444,5.587851265597109
0.8,Bias Corrected,70-80%,22-28,3131,2670,85.2762695624401,3679,2923,79.45093775482468,5.825331807615427
0.8,Bias Corrected,70-80%,29-35,1698,1463,86.16018845700825,1974,1596,80.85106382978722,5.309124627221024
0.8,Bias Corrected,60-70%,15-21,3023,2505,82.86470393648693,4747,3204,67.4952601643143,15.36944377217263
0.8,Bias Corrected,60-70%,0-7,3041,2355,77.44163104242025,6917,4739,68.51236085007952,8.929270192340738
0.8,Bias Corrected,60-70%,22-28,2264,1884,83.21554770318022,3208,2242,69.88778054862843,13.327767154551793
0.8,Bias Corrected,60-70%,36+,8047,6520,81.02398409345098,10301,7186,69.76021745461605,11.263766638834923
0.8,Bias Corrected,60-70%,29-35,1452,1171,80.64738292011019,1869,1315,70.35848047084002,10.288902449270168
0.8,Bias Corrected,60-70%,8-14,3663,2866,78.24187824187824,6923,4544,65.63628484760942,12.605593394268823
0.8,Historical IV,70-80%,15-21,5007,4195,83.78270421410025,6417,5029,78.36995480754247,5.412749406557779
0.8,Historical IV,70-80%,0-7,2100,1666,79.33333333333333,5443,3999,73.47051258497153,5.8628207483617985
0.8,Historical IV,70-80%,22-28,2919,2462,84.34395340870161,3902,3066,78.57508969759098,5.768863711110626
0.8,Historical IV,70-80%,36+,10653,9028,84.74608091617385,13505,10847,80.3184005923732,4.427680323800658
0.8,Historical IV,70-80%,29-35,1834,1550,84.51472191930208,2415,1902,78.75776397515529,5.756957944146791
0.8,Historical IV,70-80%,8-14,6176,5062,81.96243523316062,8954,6822,76.18941255304892,5.773022680111694
0.8,Historical IV,80-90%,15-21,7067,6127,86.6987406254422,7067,6127,86.6987406254422,0.0
0.8,Historical IV,80-90%,36+,11835,10359,87.52851711026615,11835,10359,87.52851711026615,0.0
0.8,Historical IV,80-90%,29-35,3055,2702,88.44517184942717,3055,2702,88.44517184942717,0.0
0.8,Historical IV,80-90%,0-7,5445,4566,83.85674931129476,5445,4566,83.85674931129476,0.0
0.8,Historical IV,80-90%,8-14,9057,7683,84.82941371315005,9057,7683,84.82941371315005,0.0
0.8,Historical IV,80-90%,22-28,4485,4014,89.49832775919732,4485,4014,89.49832775919732,0.0
0.8,Historical IV,60-70%,15-21,2911,2371,81.4496736516661,4534,3110,68.59285399205999,12.856819659606117
0.8,Historical IV,60-70%,22-28,1827,1506,82.43021346469622,2871,1964,68.40822013235807,14.021993332338155
0.8,Historical IV,60-70%,36+,7836,6364,81.2149055640633,11143,7845,70.40294355200575,10.811962012057549
0.8,Historical IV,60-70%,8-14,3782,2866,75.7800105764146,7489,4911,65.5761783949793,10.203832181435303
0.8,Historical IV,60-70%,29-35,1139,912,80.0702370500439,1724,1187,68.85150812064965,11.218728929394246
0.8,Historical IV,60-70%,0-7,1117,788,70.54610564010743,3645,2348,64.41700960219478,6.129096037912646
0.8,Historical IV,50-60%,15-21,1367,1080,79.00512070226775,2609,1614,61.862782675354545,17.1423380269132
0.8,Historical IV,50-60%,22-28,1002,805,80.33932135728543,1850,1120,60.54054054054055,19.79878081674488
0.8,Historical IV,50-60%,36+,4711,3700,78.53958819783486,7823,4691,59.964208104307815,18.575380093527045
0.8,Historical IV,50-60%,29-35,776,578,74.48453608247422,1314,763,58.06697108066972,16.417565001804505
0.8,Historical IV,50-60%,8-14,1233,829,67.23438767234387,3960,2148,54.24242424242425,12.991963429919622
0.8,Historical IV,50-60%,0-7,206,131,63.59223300970874,1487,818,55.01008742434432,8.582145585364422
0.85,Weighted Average,80-90%,0-7,3868,3473,89.78800413650465,6915,5966,86.27621113521332,3.5117930012913376
0.85,Weighted Average,80-90%,15-21,6227,5652,90.76601894973503,7511,6566,87.41845293569432,3.3475660140407086
0.85,Weighted Average,80-90%,36+,12727,11800,92.71627249155338,14364,12878,89.65469228627123,3.061580205282155
0.85,Weighted Average,80-90%,22-28,3726,3470,93.12936124530327,4371,3945,90.25394646533974,2.875414779963535
0.85,Weighted Average,80-90%,29-35,1879,1737,92.44278871740286,2287,2032,88.85002186270223,3.5927668547006277
0.85,Weighted Average,80-90%,8-14,6895,6202,89.9492385786802,9008,7798,86.56749555950266,3.3817430191775344
0.85,Weighted Average,50-60%,0-7,1118,799,71.46690518783542,5546,3342,60.25964659213848,11.207258595696942
0.85,Weighted Average,50-60%,15-21,795,674,84.77987421383648,2693,1581,58.707760861492766,26.072113352343713
0.85,Weighted Average,50-60%,22-28,840,734,87.38095238095238,2113,1281,60.624704212020816,26.756248168931563
0.85,Weighted Average,50-60%,36+,3731,3256,87.26882873224336,8474,5057,59.676658012744866,27.592170719498498
0.85,Weighted Average,50-60%,29-35,583,482,82.67581475128645,1416,854,60.31073446327684,22.365080288009615
0.85,Weighted Average,50-60%,8-14,979,773,78.95812053115424,4741,2591,54.6509175279477,24.30720300320654
0.85,Weighted Average,70-80%,15-21,3871,3461,89.4084215964867,6340,4910,77.44479495268138,11.963626643805327
0.85,Weighted Average,70-80%,0-7,2049,1727,84.28501708150318,7051,5414,76.78343497376258,7.501582107740603
0.85,Weighted Average,70-80%,8-14,3934,3419,86.90899847483477,8381,6359,75.87400071590503,11.034997758929748
0.85,Weighted Average,70-80%,36+,9667,8701,90.00724112961622,13650,10907,79.9047619047619,10.10247922485432
0.85,Weighted Average,70-80%,22-28,2426,2203,90.80791426215994,3808,3026,79.46428571428571,11.343628547874232
0.85,Weighted Average,70-80%,29-35,1240,1128,90.96774193548387,1989,1586,79.73856209150327,11.229179843980603
0.85,Weighted Average,60-70%,15-21,2205,1973,89.47845804988663,5004,3408,68.10551558752998,21.372942462356647
0.85,Weighted Average,60-70%,0-7,1665,1308,78.55855855855856,6894,4627,67.11633304322599,11.442225515332566
0.85,Weighted Average,60-70%,22-28,1598,1435,89.79974968710889,3149,2180,69.22832645284217,20.571423234266717
0.85,Weighted Average,60-70%,36+,6984,6170,88.34478808705613,12000,8451,70.42500000000001,17.91978808705612
0.85,Weighted Average,60-70%,29-35,974,842,86.44763860369609,1742,1187,68.14006888633754,18.307569717358547
0.85,Weighted Average,60-70%,8-14,2532,2097,82.81990521327015,7580,4991,65.84432717678101,16.97557803648914
0.85,Bayesian Calibrated,70-80%,0-7,2941,2432,82.69296157769466,6671,4941,74.0668565432469,8.626105034447761
0.85,Bayesian Calibrated,70-80%,15-21,4664,4034,86.49228130360206,6017,4601,76.46667774638523,10.025603557216826
0.85,Bayesian Calibrated,70-80%,22-28,3082,2656,86.17780661907852,3851,2967,77.04492339652037,9.13288322255815
0.85,Bayesian Calibrated,70-80%,36+,10317,8788,85.17980032955317,12279,9388,76.4557374379021,8.724062891651073
0.85,Bayesian Calibrated,70-80%,8-14,5058,4335,85.70581257413997,8080,6019,74.49257425742574,11.213238316714225
0.85,Bayesian Calibrated,70-80%,29-35,1487,1284,86.3483523873571,1787,1382,77.33631785114717,9.012034536209924
0.85,Bayesian Calibrated,50-60%,0-7,965,730,75.64766839378238,3367,1980,58.8060588060588,16.841609587723582
0.85,Bayesian Calibrated,50-60%,15-21,1634,1330,81.3953488372093,3293,1965,59.67203158214394,21.72331725506536
0.85,Bayesian Calibrated,50-60%,22-28,1286,1039,80.79315707620529,2153,1295,60.148629818857415,20.644527257347875
0.85,Bayesian Calibrated,50-60%,36+,5371,4319,80.41333085086576,8033,4891,60.886343831694255,19.526987019171507
0.85,Bayesian Calibrated,50-60%,8-14,1929,1497,77.60497667185071,4850,2725,56.18556701030928,21.41940966154143
0.85,Bayesian Calibrated,50-60%,29-35,836,651,77.8708133971292,1272,760,59.74842767295597,18.122385724173228
0.85,Bayesian Calibrated,80-90%,15-21,6176,5367,86.90090673575129,6706,5650,84.25290784372204,2.64799889202925
0.85,Bayesian Calibrated,80-90%,36+,14057,12390,88.1411396457281,14779,12648,85.58089180594087,2.5602478397872375
0.85,Bayesian Calibrated,80-90%,29-35,1979,1765,89.18645780697322,2142,1826,85.24743230625583,3.939025500717392
0.85,Bayesian Calibrated,80-90%,8-14,7419,6527,87.97681628251786,8756,7378,84.26222019186844,3.7145960906494224
0.85,Bayesian Calibrated,80-90%,0-7,4879,4286,87.8458700553392,6904,5771,83.58922363847046,4.2566464168687475
0.85,Bayesian Calibrated,80-90%,22-28,3532,3138,88.84484711211778,3846,3279,85.25741029641186,3.5874368157059138
0.85,Bayesian Calibrated,60-70%,15-21,3430,2939,85.68513119533527,5475,3733,68.18264840182648,17.50248279350879
0.85,Bayesian Calibrated,60-70%,22-28,2055,1727,84.0389294403893,2972,2066,69.51547779273217,14.523451647657126
0.85,Bayesian Calibrated,60-70%,36+,7892,6504,82.41256969082616,10605,7243,68.2979726544083,14.114597036417862
0.85,Bayesian Calibrated,60-70%,8-14,3354,2722,81.15682766845558,6603,4368,66.15174920490686,15.005078463548713
0.85,Bayesian Calibrated,60-70%,29-35,1149,948,82.50652741514361,1619,1090,67.32550957381099,15.181017841332618
0.85,Bayesian Calibrated,60-70%,0-7,2215,1773,80.0451467268623,6094,4001,65.65474236954381,14.390404357318488
0.85,Original Black-Scholes,80-90%,0-7,3576,3302,92.33780760626398,6709,5950,88.68683857504844,3.6509690312155385
0.85,Original Black-Scholes,80-90%,15-21,6404,5965,93.14490943160524,7679,6893,89.76429222555021,3.3806172060550352
0.85,Original Black-Scholes,80-90%,36+,13619,12771,93.7734048021147,14770,13417,90.83953960731212,2.9338651948025785
0.85,Original Black-Scholes,80-90%,22-28,3768,3526,93.57749469214437,4293,3897,90.77568134171908,2.8018133504252916
0.85,Original Black-Scholes,80-90%,8-14,6153,5617,91.28880221030393,8571,7524,87.78438921946096,3.5044129908429653
0.85,Original Black-Scholes,80-90%,29-35,1675,1565,93.43283582089552,1925,1753,91.06493506493506,2.367900755960463
0.85,Original Black-Scholes,50-60%,0-7,1146,864,75.39267015706807,6438,3952,61.385523454488975,14.007146702579092
0.85,Original Black-Scholes,50-60%,15-21,1819,1620,89.05992303463441,5443,3376,62.024618776410065,27.035304258224343
0.85,Original Black-Scholes,50-60%,22-28,1488,1372,92.20430107526882,3398,2237,65.83284284873456,26.37145822653426
0.85,Original Black-Scholes,50-60%,36+,6313,5685,90.05227308728021,13102,7799,59.525263318577316,30.527009768702897
0.85,Original Black-Scholes,50-60%,29-35,679,588,86.5979381443299,1595,949,59.49843260188088,27.099505542449023
0.85,Original Black-Scholes,50-60%,8-14,1662,1354,81.46811070998797,7514,4403,58.59728506787331,22.87082564211466
0.85,Original Black-Scholes,70-80%,15-21,4086,3756,91.92364170337738,6734,5464,81.14048114048114,10.783160562896242
0.85,Original Black-Scholes,70-80%,36+,11278,10367,91.922326653662,14544,11884,81.71067106710672,10.211655586555281
0.85,Original Black-Scholes,70-80%,8-14,3670,3276,89.26430517711171,8607,6728,78.16893226443592,11.095372912675785
0.85,Original Black-Scholes,70-80%,22-28,2724,2528,92.80469897209986,3950,3241,82.05063291139241,10.754066060707444
0.85,Original Black-Scholes,70-80%,29-35,1246,1143,91.73354735152488,1764,1466,83.10657596371883,8.626971387806051
0.85,Original Black-Scholes,70-80%,0-7,1926,1674,86.91588785046729,7093,5683,80.12124629916819,6.794641551299094
0.85,Original Black-Scholes,60-70%,15-21,2699,2456,90.99666543164135,5954,4295,72.13637890493786,18.86028652670349
0.85,Original Black-Scholes,60-70%,0-7,1398,1129,80.758226037196,6759,4800,71.01642254771417,9.741803489481825
0.85,Original Black-Scholes,60-70%,8-14,2412,2098,86.98175787728026,7837,5385,68.71251754497895,18.269240332301308
0.85,Original Black-Scholes,60-70%,36+,8594,7789,90.6329997672795,13819,9807,70.96750850278602,19.665491264493483
0.85,Original Black-Scholes,60-70%,22-28,2008,1856,92.43027888446214,3631,2642,72.76232442853208,19.667954455930058
0.85,Original Black-Scholes,60-70%,29-35,937,842,89.86125933831377,1659,1207,72.7546714888487,17.106587849465072
0.85,Bias Corrected,80-90%,0-7,3957,3555,89.84078847611828,6753,5788,85.7100547904635,4.130733685654775
0.85,Bias Corrected,80-90%,15-21,6141,5484,89.30141670737665,7237,6187,85.4912256459859,3.8101910613907393
0.85,Bias Corrected,80-90%,36+,14770,13398,90.71090047393365,15898,14000,88.06139136998364,2.6495091039500096
0.85,Bias Corrected,80-90%,8-14,6724,6007,89.33670434265318,8493,7279,85.70587542682209,3.6308289158310885
0.85,Bias Corrected,80-90%,22-28,3518,3230,91.81353041500853,4020,3550,88.30845771144278,3.5050727035657445
0.85,Bias Corrected,80-90%,29-35,1813,1649,90.9542195256481,2086,1828,87.63183125599234,3.322388269655761
0.85,Bias Corrected,50-60%,0-7,1443,1027,71.17117117117117,6116,3663,59.89208633093526,11.27908484023591
0.85,Bias Corrected,50-60%,15-21,726,605,83.33333333333334,2470,1464,59.27125506072875,24.062078272604595
0.85,Bias Corrected,50-60%,22-28,895,754,84.24581005586592,2007,1220,60.78724464374689,23.45856541211903
0.85,Bias Corrected,50-60%,36+,4341,3662,84.35844275512555,8144,5080,62.37721021611002,21.98123253901553
0.85,Bias Corrected,50-60%,29-35,748,611,81.68449197860963,1416,857,60.5225988700565,21.16189310855313
0.85,Bias Corrected,50-60%,8-14,1142,918,80.38528896672504,4574,2591,56.64626147791867,23.73902748880637
0.85,Bias Corrected,70-80%,15-21,3854,3418,88.68707836014529,6058,4614,76.16375041267746,12.523327947467834
0.85,Bias Corrected,70-80%,0-7,2341,1979,84.53652285348142,6998,5404,77.22206344669905,7.314459406782362
0.85,Bias Corrected,70-80%,8-14,4291,3727,86.85621067350267,8568,6500,75.86367880485527,10.992531868647404
0.85,Bias Corrected,70-80%,36+,10097,8780,86.95652173913044,12798,9948,77.73089545241444,9.225626286715993
0.85,Bias Corrected,70-80%,22-28,2629,2361,89.8060098896919,3679,2923,79.45093775482468,10.355072134867214
0.85,Bias Corrected,70-80%,29-35,1452,1300,89.53168044077135,1974,1596,80.85106382978722,8.680616610984131
0.85,Bias Corrected,60-70%,15-21,2153,1911,88.7598699489085,4747,3204,67.4952601643143,21.2646097845942
0.85,Bias Corrected,60-70%,0-7,2003,1607,80.22965551672492,6917,4739,68.51236085007952,11.717294666645401
0.85,Bias Corrected,60-70%,22-28,1802,1588,88.12430632630411,3208,2242,69.88778054862843,18.23652577767568
0.85,Bias Corrected,60-70%,36+,6843,5846,85.43036679818793,10301,7186,69.76021745461605,15.670149343571879
0.85,Bias Corrected,60-70%,29-35,1214,1032,85.00823723228996,1869,1315,70.35848047084002,14.649756761449936
0.85,Bias Corrected,60-70%,8-14,2477,2051,82.80177634234963,6923,4544,65.63628484760942,17.16549149474021
0.85,Historical IV,70-80%,15-21,3940,3435,87.18274111675127,6417,5029,78.36995480754247,8.812786309208803
0.85,Historical IV,70-80%,0-7,1292,1030,79.72136222910217,5443,3999,73.47051258497153,6.250849644130639
0.85,Historical IV,70-80%,22-28,2195,1928,87.83599088838268,3902,3066,78.57508969759098,9.2609011907917
0.85,Historical IV,70-80%,36+,7956,6894,86.65158371040724,13505,10847,80.3184005923732,6.333183118034043
0.85,Historical IV,70-80%,29-35,1313,1163,88.57578065498858,2415,1902,78.75776397515529,9.818016679833292
0.85,Historical IV,70-80%,8-14,4469,3752,83.95614231371673,8954,6822,76.18941255304892,7.7667297606678005
0.85,Historical IV,80-90%,15-21,5326,4696,88.17123544874202,7067,6127,86.6987406254422,1.4724948232998258
0.85,Historical IV,80-90%,36+,9398,8451,89.92338795488402,11835,10359,87.52851711026615,2.39487084461787
0.85,Historical IV,80-90%,29-35,2026,1824,90.02961500493583,3055,2702,88.44517184942717,1.5844431555086658
0.85,Historical IV,80-90%,0-7,3131,2699,86.20249121686362,5445,4566,83.85674931129476,2.3457419055688575
0.85,Historical IV,80-90%,8-14,6762,5862,86.69032830523514,9057,7683,84.82941371315005,1.860914592085095
0.85,Historical IV,80-90%,22-28,3264,2976,91.17647058823529,4485,4014,89.49832775919732,1.6781428290379665
0.85,Historical IV,60-70%,15-21,2107,1811,85.9515899383009,4534,3110,68.59285399205999,17.358735946240913
0.85,Historical IV,60-70%,22-28,1355,1172,86.49446494464945,2871,1964,68.40822013235807,18.086244812291383
0.85,Historical IV,60-70%,36+,5705,4819,84.46976336546889,11143,7845,70.40294355200575,14.066819813463141
0.85,Historical IV,60-70%,8-14,2482,1948,78.48509266720387,7489,4911,65.5761783949793,12.908914272224578
0.85,Historical IV,60-70%,29-35,869,722,83.08400460299194,1724,1187,68.85150812064965,14.232496482342285
0.85,Historical IV,60-70%,0-7,714,498,69.74789915966386,3645,2348,64.41700960219478,5.330889557469078
0.85,Historical IV,50-60%,15-21,951,776,81.59831756046268,2609,1614,61.862782675354545,19.73553488510813
0.85,Historical IV,50-60%,22-28,733,624,85.12960436562074,1850,1120,60.54054054054055,24.58906382508019
0.85,Historical IV,50-60%,36+,3271,2732,83.52185875878936,7823,4691,59.964208104307815,23.55765065448155
0.85,Historical IV,50-60%,29-35,577,456,79.02946273830156,1314,763,58.06697108066972,20.962491657631844
0.85,Historical IV,50-60%,8-14,735,514,69.93197278911565,3960,2148,54.24242424242425,15.689548546691398
0.85,Historical IV,50-60%,0-7,114,66,57.89473684210527,1487,818,55.01008742434432,2.884649417760947
0.9,Weighted Average,80-90%,0-7,1202,1121,93.261231281198,6915,5966,86.27621113521332,6.985020145984677
0.9,Weighted Average,80-90%,15-21,3170,2946,92.93375394321767,7511,6566,87.41845293569432,5.515301007523348
0.9,Weighted Average,80-90%,36+,8208,7836,95.46783625730994,14364,12878,89.65469228627123,5.813143971038713
0.9,Weighted Average,80-90%,22-28,2026,1946,96.05133267522211,4371,3945,90.25394646533974,5.797386209882376
0.9,Weighted Average,80-90%,29-35,1094,1051,96.06946983546618,2287,2032,88.85002186270223,7.219447972763945
0.9,Weighted Average,80-90%,8-14,3237,3018,93.2344763670065,9008,7798,86.56749555950266,6.666980807503833
0.9,Weighted Average,50-60%,0-7,487,362,74.33264887063655,5546,3342,60.25964659213848,14.073002278498066
0.9,Weighted Average,50-60%,15-21,318,294,92.45283018867924,2693,1581,58.707760861492766,33.74506932718648
0.9,Weighted Average,50-60%,22-28,432,400,92.5925925925926,2113,1281,60.624704212020816,31.96788838057178
0.9,Weighted Average,50-60%,36+,1888,1751,92.74364406779661,8474,5057,59.676658012744866,33.06698605505174
0.9,Weighted Average,50-60%,29-35,328,291,88.71951219512195,1416,854,60.31073446327684,28.408777731845113
0.9,Weighted Average,50-60%,8-14,380,323,85.0,4741,2591,54.6509175279477,30.349082472052302
0.9,Weighted Average,70-80%,15-21,1929,1828,94.76412649040954,6340,4910,77.44479495268138,17.31933153772816
0.9,Weighted Average,70-80%,0-7,872,747,85.6651376146789,7051,5414,76.78343497376258,8.881702640916316
0.9,Weighted Average,70-80%,8-14,1727,1573,91.0828025477707,8381,6359,75.87400071590503,15.20880183186567
0.9,Weighted Average,70-80%,36+,5846,5495,93.99589462880601,13650,10907,79.9047619047619,14.091132724044115
0.9,Weighted Average,70-80%,22-28,1371,1297,94.60247994164843,3808,3026,79.46428571428571,15.138194227362717
0.9,Weighted Average,70-80%,29-35,765,722,94.37908496732025,1989,1586,79.73856209150327,14.640522875816984
0.9,Weighted Average,60-70%,15-21,1058,997,94.234404536862,5004,3408,68.10551558752998,26.128888949332023
0.9,Weighted Average,60-70%,0-7,705,576,81.70212765957446,6894,4627,67.11633304322599,14.585794616348466
0.9,Weighted Average,60-70%,22-28,883,831,94.11098527746319,3149,2180,69.22832645284217,24.882658824621018
0.9,Weighted Average,60-70%,36+,3963,3693,93.18697956093868,12000,8451,70.42500000000001,22.76197956093867
0.9,Weighted Average,60-70%,29-35,591,544,92.04737732656514,1742,1187,68.14006888633754,23.907308440227595
0.9,Weighted Average,60-70%,8-14,1033,910,88.09293320425944,7580,4991,65.84432717678101,22.24860602747843
0.9,Bayesian Calibrated,70-80%,0-7,1855,1583,85.33692722371967,6671,4941,74.0668565432469,11.27007068047277
0.9,Bayesian Calibrated,70-80%,15-21,3590,3275,91.22562674094708,6017,4601,76.46667774638523,14.758948994561848
0.9,Bayesian Calibrated,70-80%,22-28,2567,2326,90.61160888196338,3851,2967,77.04492339652037,13.566685485443003
0.9,Bayesian Calibrated,70-80%,36+,9238,8214,88.91534964277982,12279,9388,76.4557374379021,12.459612204877715
0.9,Bayesian Calibrated,70-80%,8-14,3483,3113,89.37697387309791,8080,6019,74.49257425742574,14.884399615672166
0.9,Bayesian Calibrated,70-80%,29-35,1280,1161,90.703125,1787,1382,77.33631785114717,13.366807148852828
0.9,Bayesian Calibrated,50-60%,0-7,598,478,79.93311036789298,3367,1980,58.8060588060588,21.12705156183418
0.9,Bayesian Calibrated,50-60%,15-21,1123,971,86.46482635796973,3293,1965,59.67203158214394,26.79279477582579
0.9,Bayesian Calibrated,50-60%,22-28,989,855,86.45096056622852,2153,1295,60.148629818857415,26.3023307473711
0.9,Bayesian Calibrated,50-60%,36+,4478,3845,85.86422510049128,8033,4891,60.886343831694255,24.977881268797027
0.9,Bayesian Calibrated,50-60%,8-14,1232,1020,82.79220779220779,4850,2725,56.18556701030928,26.606640781898513
0.9,Bayesian Calibrated,50-60%,29-35,679,566,83.3578792341679,1272,760,59.74842767295597,23.609451561211927
0.9,Bayesian Calibrated,80-90%,15-21,4934,4501,91.2241588974463,6706,5650,84.25290784372204,6.971251053724259
0.9,Bayesian Calibrated,80-90%,36+,12744,11636,91.30571249215316,14779,12648,85.58089180594087,5.724820686212297
0.9,Bayesian Calibrated,80-90%,29-35,1744,1612,92.43119266055045,2142,1826,85.24743230625583,7.18376035429462
0.9,Bayesian Calibrated,80-90%,8-14,5271,4857,92.14570290267503,8756,7378,84.26222019186844,7.8834827108065895
0.9,Bayesian Calibrated,80-90%,0-7,2502,2295,91.72661870503596,6904,5771,83.58922363847046,8.137395066565503
0.9,Bayesian Calibrated,80-90%,22-28,3031,2811,92.74166941603431,3846,3279,85.25741029641186,7.48425911962245
0.9,Bayesian Calibrated,60-70%,15-21,2509,2276,90.71343164607414,5475,3733,68.18264840182648,22.530783244247658
0.9,Bayesian Calibrated,60-70%,22-28,1661,1476,88.86213124623721,2972,2066,69.51547779273217,19.34665345350504
0.9,Bayesian Calibrated,60-70%,36+,6836,5957,87.14160327677004,10605,7243,68.2979726544083,18.843630622361744
0.9,Bayesian Calibrated,60-70%,8-14,2189,1857,84.83325719506624,6603,4368,66.15174920490686,18.681507990159375
0.9,Bayesian Calibrated,60-70%,29-35,933,814,87.2454448017149,1619,1090,67.32550957381099,19.919935227903906
0.9,Bayesian Calibrated,60-70%,0-7,1376,1140,82.84883720930233,6094,4001,65.65474236954381,17.19409483975852
0.9,Original Black-Scholes,80-90%,0-7,927,867,93.52750809061489,6709,5950,88.68683857504844,4.8406695155664465
0.9,Original Black-Scholes,80-90%,15-21,3621,3454,95.38801436067385,7679,6893,89.76429222555021,5.623722135123643
0.9,Original Black-Scholes,80-90%,36+,10347,10006,96.70435875132888,14770,13417,90.83953960731212,5.864819144016764
0.9,Original Black-Scholes,80-90%,22-28,2406,2317,96.30091438071487,4293,3897,90.77568134171908,5.525233038995793
0.9,Original Black-Scholes,80-90%,8-14,2634,2508,95.21640091116174,8571,7524,87.78438921946096,7.4320116917007795
0.9,Original Black-Scholes,80-90%,29-35,1067,1035,97.00093720712277,1925,1753,91.06493506493506,5.936002142187718
0.9,Original Black-Scholes,50-60%,0-7,430,324,75.34883720930232,6438,3952,61.385523454488975,13.963313754813342
0.9,Original Black-Scholes,50-60%,15-21,724,677,93.50828729281768,5443,3376,62.024618776410065,31.48366851640762
0.9,Original Black-Scholes,50-60%,22-28,718,690,96.10027855153204,3398,2237,65.83284284873456,30.267435702797485
0.9,Original Black-Scholes,50-60%,36+,3966,3804,95.91527987897126,13102,7799,59.525263318577316,36.390016560393946
0.9,Original Black-Scholes,50-60%,29-35,323,304,94.11764705882352,1595,949,59.49843260188088,34.61921445694264
0.9,Original Black-Scholes,50-60%,8-14,596,494,82.88590604026845,7514,4403,58.59728506787331,24.288620972395144
0.9,Original Black-Scholes,70-80%,15-21,1984,1889,95.2116935483871,6734,5464,81.14048114048114,14.07121240790596
0.9,Original Black-Scholes,70-80%,36+,7889,7571,95.96907085815693,14544,11884,81.71067106710672,14.25839979105021
0.9,Original Black-Scholes,70-80%,8-14,1458,1340,91.90672153635117,8607,6728,78.16893226443592,13.737789271915247
0.9,Original Black-Scholes,70-80%,22-28,1574,1513,96.12452350698857,3950,3241,82.05063291139241,14.073890595596154
0.9,Original Black-Scholes,70-80%,29-35,727,691,95.04814305364512,1764,1466,83.10657596371883,11.941567089926295
0.9,Original Black-Scholes,70-80%,0-7,697,612,87.8048780487805,7093,5683,80.12124629916819,7.683631749612303
0.9,Original Black-Scholes,60-70%,15-21,1183,1114,94.16737109044801,5954,4295,72.13637890493786,22.030992185510158
0.9,Original Black-Scholes,60-70%,0-7,520,435,83.65384615384616,6759,4800,71.01642254771417,12.63742360613199
0.9,Original Black-Scholes,60-70%,8-14,905,797,88.06629834254144,7837,5385,68.71251754497895,19.353780797562493
0.9,Original Black-Scholes,60-70%,36+,5629,5391,95.77189554094866,13819,9807,70.96750850278602,24.804387038162645
0.9,Original Black-Scholes,60-70%,22-28,1093,1049,95.97438243366881,3631,2642,72.76232442853208,23.212058005136726
0.9,Original Black-Scholes,60-70%,29-35,474,450,94.9367088607595,1659,1207,72.7546714888487,22.182037371910795
0.9,Bias Corrected,80-90%,0-7,1477,1371,92.8232904536222,6753,5788,85.7100547904635,7.113235663158704
0.9,Bias Corrected,80-90%,15-21,4165,3856,92.58103241296519,7237,6187,85.4912256459859,7.0898067669792795
0.9,Bias Corrected,80-90%,36+,12231,11505,94.06426293843512,15898,14000,88.06139136998364,6.002871568451482
0.9,Bias Corrected,80-90%,8-14,3751,3492,93.0951746201013,8493,7279,85.70587542682209,7.389299193279214
0.9,Bias Corrected,80-90%,22-28,2609,2464,94.44231506324262,4020,3550,88.30845771144278,6.133857351799833
0.9,Bias Corrected,80-90%,29-35,1416,1337,94.42090395480226,2086,1828,87.63183125599234,6.7890726988099175
0.9,Bias Corrected,50-60%,0-7,746,554,74.26273458445041,6116,3663,59.89208633093526,14.370648253515157
0.9,Bias Corrected,50-60%,15-21,325,277,85.23076923076923,2470,1464,59.27125506072875,25.959514170040478
0.9,Bias Corrected,50-60%,22-28,564,501,88.82978723404256,2007,1220,60.78724464374689,28.042542590295668
0.9,Bias Corrected,50-60%,36+,2918,2632,90.19876627827279,8144,5080,62.37721021611002,27.821556062162763
0.9,Bias Corrected,50-60%,29-35,481,411,85.44698544698545,1416,857,60.5225988700565,24.924386576928953
0.9,Bias Corrected,50-60%,8-14,594,497,83.67003367003367,4574,2591,56.64626147791867,27.023772192115004
0.9,Bias Corrected,70-80%,15-21,2368,2201,92.94763513513513,6058,4614,76.16375041267746,16.78388472245767
0.9,Bias Corrected,70-80%,0-7,1186,1031,86.93086003372682,6998,5404,77.22206344669905,9.708796587027763
0.9,Bias Corrected,70-80%,8-14,2317,2111,91.10919292188174,8568,6500,75.86367880485527,15.245514117026474
0.9,Bias Corrected,70-80%,36+,7748,7086,91.45585957666495,12798,9948,77.73089545241444,13.724964124250505
0.9,Bias Corrected,70-80%,22-28,1924,1781,92.56756756756756,3679,2923,79.45093775482468,13.116629812742886
0.9,Bias Corrected,70-80%,29-35,1087,1020,93.83624655013799,1974,1596,80.85106382978722,12.985182720350764
0.9,Bias Corrected,60-70%,15-21,1192,1100,92.28187919463086,4747,3204,67.4952601643143,24.786619030316558
0.9,Bias Corrected,60-70%,0-7,1030,862,83.68932038834951,6917,4739,68.51236085007952,15.176959538269998
0.9,Bias Corrected,60-70%,22-28,1226,1126,91.84339314845025,3208,2242,69.88778054862843,21.95561259982182
0.9,Bias Corrected,60-70%,36+,4988,4505,90.3167602245389,10301,7186,69.76021745461605,20.556542769922842
0.9,Bias Corrected,60-70%,29-35,841,759,90.24970273483947,1869,1315,70.35848047084002,19.891222263999452
0.9,Bias Corrected,60-70%,8-14,1270,1110,87.4015748031496,6923,4544,65.63628484760942,21.765289955540183
0.9,Historical IV,70-80%,15-21,2564,2328,90.79563182527302,6417,5029,78.36995480754247,12.42567701773055
0.9,Historical IV,70-80%,0-7,665,510,76.69172932330827,5443,3999,73.47051258497153,3.221216738336736
0.9,Historical IV,70-80%,22-28,1438,1306,90.82058414464534,3902,3066,78.57508969759098,12.245494447054355
0.9,Historical IV,70-80%,36+,5483,4964,90.53437898960424,13505,10847,80.3184005923732,10.21597839723104
0.9,Historical IV,70-80%,29-35,865,788,91.09826589595376,2415,1902,78.75776397515529,12.340501920798474
0.9,Historical IV,70-80%,8-14,2572,2202,85.61430793157076,8954,6822,76.18941255304892,9.424895378521839
0.9,Historical IV,80-90%,15-21,3565,3172,88.97615708274895,7067,6127,86.6987406254422,2.2774164573067566
0.9,Historical IV,80-90%,36+,6508,6014,92.40934234787953,11835,10359,87.52851711026615,4.880825237613379
0.9,Historical IV,80-90%,29-35,1418,1318,92.94781382228491,3055,2702,88.44517184942717,4.502641972857745
0.9,Historical IV,80-90%,0-7,1170,1041,88.97435897435896,5445,4566,83.85674931129476,5.117609663064201
0.9,Historical IV,80-90%,8-14,4014,3567,88.86397608370703,9057,7683,84.82941371315005,4.0345623705569835
0.9,Historical IV,80-90%,22-28,2051,1924,93.80789858605559,4485,4014,89.49832775919732,4.309570826858263
0.9,Historical IV,60-70%,15-21,1267,1133,89.4238358326756,4534,3110,68.59285399205999,20.83098184061562
0.9,Historical IV,60-70%,22-28,886,808,91.19638826185101,2871,1964,68.40822013235807,22.788168129492945
0.9,Historical IV,60-70%,36+,3727,3314,88.9187013683928,11143,7845,70.40294355200575,18.51575781638705
0.9,Historical IV,60-70%,8-14,1295,1052,81.23552123552123,7489,4911,65.5761783949793,15.659342840541939
0.9,Historical IV,60-70%,29-35,576,498,86.45833333333334,1724,1187,68.85150812064965,17.606825212683688
0.9,Historical IV,60-70%,0-7,339,230,67.84660766961652,3645,2348,64.41700960219478,3.429598067421736
0.9,Historical IV,50-60%,15-21,532,458,86.09022556390977,2609,1614,61.862782675354545,24.227442888555224
0.9,Historical IV,50-60%,22-28,474,424,89.45147679324894,1850,1120,60.54054054054055,28.910936252708396
0.9,Historical IV,50-60%,36+,2019,1778,88.06339772164438,7823,4691,59.964208104307815,28.099189617336563
0.9,Historical IV,50-60%,29-35,359,299,83.28690807799443,1314,763,58.06697108066972,25.21993699732471
0.9,Historical IV,50-60%,8-14,372,269,72.31182795698925,3960,2148,54.24242424242425,18.069403714565
0.9,Historical IV,50-60%,0-7,43,23,53.48837209302325,1487,818,55.01008742434432,-1.5217153313210687
0.95,Weighted Average,80-90%,0-7,175,168,96.0,6915,5966,86.27621113521332,9.723788864786684
0.95,Weighted Average,80-90%,15-21,574,563,98.08362369337979,7511,6566,87.41845293569432,10.665170757685473
0.95,Weighted Average,80-90%,36+,3046,2999,98.456992777413,14364,12878,89.65469228627123,8.802300491141779
0.95,Weighted Average,80-90%,22-28,461,456,98.91540130151843,4371,3945,90.25394646533974,8.661454836178692
0.95,Weighted Average,80-90%,29-35,325,320,98.46153846153847,2287,2032,88.85002186270223,9.611516598836232
0.95,Weighted Average,80-90%,8-14,478,460,96.23430962343096,9008,7798,86.56749555950266,9.6668140639283
0.95,Weighted Average,50-60%,0-7,99,85,85.85858585858585,5546,3342,60.25964659213848,25.598939266447374
0.95,Weighted Average,50-60%,15-21,56,56,100.0,2693,1581,58.707760861492766,41.292239138507234
0.95,Weighted Average,50-60%,22-28,108,108,100.0,2113,1281,60.624704212020816,39.375295787979184
0.95,Weighted Average,50-60%,36+,404,391,96.78217821782178,8474,5057,59.676658012744866,37.105520205076914
0.95,Weighted Average,50-60%,29-35,87,84,96.55172413793103,1416,854,60.31073446327684,36.240989674654195
0.95,Weighted Average,50-60%,8-14,67,61,91.04477611940298,4741,2591,54.6509175279477,36.393858591455285
0.95,Weighted Average,70-80%,15-21,349,342,97.99426934097421,6340,4910,77.44479495268138,20.549474388292836
0.95,Weighted Average,70-80%,0-7,157,150,95.54140127388536,7051,5414,76.78343497376258,18.757966300122774
0.95,Weighted Average,70-80%,8-14,234,222,94.87179487179486,8381,6359,75.87400071590503,18.997794155889835
0.95,Weighted Average,70-80%,36+,2002,1963,98.05194805194806,13650,10907,79.9047619047619,18.14718614718616
0.95,Weighted Average,70-80%,22-28,331,325,98.18731117824774,3808,3026,79.46428571428571,18.72302546396203
0.95,Weighted Average,70-80%,29-35,223,218,97.75784753363229,1989,1586,79.73856209150327,18.019285442129018
0.95,Weighted Average,60-70%,15-21,173,170,98.26589595375722,5004,3408,68.10551558752998,30.160380366227244
0.95,Weighted Average,60-70%,0-7,163,153,93.86503067484662,6894,4627,67.11633304322599,26.74869763162063
0.95,Weighted Average,60-70%,22-28,209,207,99.04306220095694,3149,2180,69.22832645284217,29.81473574811477
0.95,Weighted Average,60-70%,36+,1070,1048,97.94392523364486,12000,8451,70.42500000000001,27.51892523364485
0.95,Weighted Average,60-70%,29-35,174,169,97.12643678160919,1742,1187,68.14006888633754,28.98636789527164
0.95,Weighted Average,60-70%,8-14,152,134,88.1578947368421,7580,4991,65.84432717678101,22.313567560061088
0.95,Bayesian Calibrated,70-80%,0-7,839,749,89.27294398092968,6671,4941,74.0668565432469,15.206087437682783
0.95,Bayesian Calibrated,70-80%,15-21,2062,1962,95.15033947623667,6017,4601,76.46667774638523,18.683661729851437
0.95,Bayesian Calibrated,70-80%,22-28,1634,1542,94.36964504283965,3851,2967,77.04492339652037,17.324721646319276
0.95,Bayesian Calibrated,70-80%,36+,6776,6360,93.86068476977569,12279,9388,76.4557374379021,17.404947331873586
0.95,Bayesian Calibrated,70-80%,8-14,1744,1626,93.23394495412845,8080,6019,74.49257425742574,18.741370696702703
0.95,Bayesian Calibrated,70-80%,29-35,923,876,94.90790899241604,1787,1382,77.33631785114717,17.57159114126887
0.95,Bayesian Calibrated,50-60%,0-7,279,230,82.43727598566308,3367,1980,58.8060588060588,23.631217179604278
0.95,Bayesian Calibrated,50-60%,15-21,590,537,91.01694915254237,3293,1965,59.67203158214394,31.34491757039843
0.95,Bayesian Calibrated,50-60%,22-28,605,563,93.05785123966942,2153,1295,60.148629818857415,32.909221420812
0.95,Bayesian Calibrated,50-60%,36+,2857,2632,92.12460623031151,8033,4891,60.886343831694255,31.23826239861726
0.95,Bayesian Calibrated,50-60%,8-14,615,563,91.54471544715447,4850,2725,56.18556701030928,35.359148436845196
0.95,Bayesian Calibrated,50-60%,29-35,421,378,89.78622327790974,1272,760,59.74842767295597,30.03779560495377
0.95,Bayesian Calibrated,80-90%,15-21,2923,2772,94.83407458091003,6706,5650,84.25290784372204,10.581166737187985
0.95,Bayesian Calibrated,80-90%,36+,9478,9002,94.97784342688331,14779,12648,85.58089180594087,9.396951620942446
0.95,Bayesian Calibrated,80-90%,29-35,1265,1206,95.33596837944664,2142,1826,85.24743230625583,10.08853607319081
0.95,Bayesian Calibrated,80-90%,8-14,2868,2728,95.11854951185495,8756,7378,84.26222019186844,10.856329319986514
0.95,Bayesian Calibrated,80-90%,0-7,1156,1098,94.98269896193771,6904,5771,83.58922363847046,11.393475323467257
0.95,Bayesian Calibrated,80-90%,22-28,2087,1996,95.63967417345472,3846,3279,85.25741029641186,10.38226387704286
0.95,Bayesian Calibrated,60-70%,15-21,1335,1260,94.3820224719101,5475,3733,68.18264840182648,26.19937407008362
0.95,Bayesian Calibrated,60-70%,22-28,1018,967,94.9901768172888,2972,2066,69.51547779273217,25.474699024556628
0.95,Bayesian Calibrated,60-70%,36+,4633,4299,92.79084826246492,10605,7243,68.2979726544083,24.49287560805662
0.95,Bayesian Calibrated,60-70%,8-14,1100,992,90.18181818181819,6603,4368,66.15174920490686,24.030068976911323
0.95,Bayesian Calibrated,60-70%,29-35,614,571,92.99674267100977,1619,1090,67.32550957381099,25.67123309719878
0.95,Bayesian Calibrated,60-70%,0-7,661,576,87.14069591527988,6094,4001,65.65474236954381,21.485953545736066
0.95,Original Black-Scholes,80-90%,0-7,91,86,94.5054945054945,6709,5950,88.68683857504844,5.818655930446056
0.95,Original Black-Scholes,80-90%,15-21,346,338,97.6878612716763,7679,6893,89.76429222555021,7.92356904612609
0.95,Original Black-Scholes,80-90%,36+,2184,2159,98.85531135531136,14770,13417,90.83953960731212,8.015771747999239
0.95,Original Black-Scholes,80-90%,22-28,328,327,99.6951219512195,4293,3897,90.77568134171908,8.919440609500427
0.95,Original Black-Scholes,80-90%,8-14,243,236,97.11934156378601,8571,7524,87.78438921946096,9.334952344325046
0.95,Original Black-Scholes,80-90%,29-35,143,142,99.3006993006993,1925,1753,91.06493506493506,8.23576423576425
0.95,Original Black-Scholes,50-60%,0-7,57,51,89.47368421052632,6438,3952,61.385523454488975,28.08816075603734
0.95,Original Black-Scholes,50-60%,15-21,72,69,95.83333333333334,5443,3376,62.024618776410065,33.80871455692328
0.95,Original Black-Scholes,50-60%,22-28,68,68,100.0,3398,2237,65.83284284873456,34.16715715126544
0.95,Original Black-Scholes,50-60%,36+,594,590,99.32659932659934,13102,7799,59.525263318577316,39.80133600802202
0.95,Original Black-Scholes,50-60%,29-35,22,22,100.0,1595,949,59.49843260188088,40.50156739811912
0.95,Original Black-Scholes,50-60%,8-14,53,47,88.67924528301887,7514,4403,58.59728506787331,30.081960215145564
0.95,Original Black-Scholes,70-80%,15-21,174,172,98.85057471264368,6734,5464,81.14048114048114,17.710093572162535
0.95,Original Black-Scholes,70-80%,36+,1403,1385,98.71703492516038,14544,11884,81.71067106710672,17.00636385805366
0.95,Original Black-Scholes,70-80%,8-14,150,139,92.66666666666666,8607,6728,78.16893226443592,14.497734402230734
0.95,Original Black-Scholes,70-80%,22-28,155,155,100.0,3950,3241,82.05063291139241,17.949367088607588
0.95,Original Black-Scholes,70-80%,29-35,78,77,98.71794871794873,1764,1466,83.10657596371883,15.611372754229905
0.95,Original Black-Scholes,70-80%,0-7,69,67,97.10144927536231,7093,5683,80.12124629916819,16.98020297619412
0.95,Original Black-Scholes,60-70%,15-21,115,113,98.26086956521739,5954,4295,72.13637890493786,26.124490660279534
0.95,Original Black-Scholes,60-70%,0-7,59,57,96.61016949152543,6759,4800,71.01642254771417,25.593746943811254
0.95,Original Black-Scholes,60-70%,8-14,87,80,91.95402298850574,7837,5385,68.71251754497895,23.24150544352679
0.95,Original Black-Scholes,60-70%,36+,905,897,99.1160220994475,13819,9807,70.96750850278602,28.148513596661488
0.95,Original Black-Scholes,60-70%,22-28,93,93,100.0,3631,2642,72.76232442853208,27.237675571467918
0.95,Original Black-Scholes,60-70%,29-35,38,38,100.0,1659,1207,72.7546714888487,27.2453285111513
0.95,Bias Corrected,80-90%,0-7,332,308,92.7710843373494,6753,5788,85.7100547904635,7.061029546885891
0.95,Bias Corrected,80-90%,15-21,1330,1269,95.41353383458646,7237,6187,85.4912256459859,9.922308188600553
0.95,Bias Corrected,80-90%,36+,7562,7319,96.78656440095213,15898,14000,88.06139136998364,8.725173030968492
0.95,Bias Corrected,80-90%,8-14,1051,1007,95.81351094196003,8493,7279,85.70587542682209,10.107635515137943
0.95,Bias Corrected,80-90%,22-28,1084,1058,97.60147601476015,4020,3550,88.30845771144278,9.293018303317368
0.95,Bias Corrected,80-90%,29-35,703,684,97.2972972972973,2086,1828,87.63183125599234,9.665466041304967
0.95,Bias Corrected,50-60%,0-7,250,204,81.6,6116,3663,59.89208633093526,21.707913669064737
0.95,Bias Corrected,50-60%,15-21,114,110,96.49122807017544,2470,1464,59.27125506072875,37.21997300944669
0.95,Bias Corrected,50-60%,22-28,239,225,94.14225941422593,2007,1220,60.78724464374689,33.355014770479045
0.95,Bias Corrected,50-60%,36+,1223,1155,94.43990188062142,8144,5080,62.37721021611002,32.0626916645114
0.95,Bias Corrected,50-60%,29-35,227,206,90.7488986784141,1416,857,60.5225988700565,30.226299808357595
0.95,Bias Corrected,50-60%,8-14,208,182,87.5,4574,2591,56.64626147791867,30.85373852208133
0.95,Bias Corrected,70-80%,15-21,706,674,95.46742209631728,6058,4614,76.16375041267746,19.30367168363982
0.95,Bias Corrected,70-80%,0-7,367,339,92.37057220708446,6998,5404,77.22206344669905,15.148508760385411
0.95,Bias Corrected,70-80%,8-14,628,583,92.83439490445859,8568,6500,75.86367880485527,16.970716099603322
0.95,Bias Corrected,70-80%,36+,4097,3904,95.28923602636074,12798,9948,77.73089545241444,17.558340573946296
0.95,Bias Corrected,70-80%,22-28,828,800,96.61835748792271,3679,2923,79.45093775482468,17.16741973309803
0.95,Bias Corrected,70-80%,29-35,569,547,96.1335676625659,1974,1596,80.85106382978722,15.282503832778673
0.95,Bias Corrected,60-70%,15-21,342,326,95.32163742690058,4747,3204,67.4952601643143,27.826377262586277
0.95,Bias Corrected,60-70%,0-7,377,339,89.92042440318302,6917,4739,68.51236085007952,21.408063553103503
0.95,Bias Corrected,60-70%,22-28,490,470,95.91836734693877,3208,2242,69.88778054862843,26.03058679831034
0.95,Bias Corrected,60-70%,36+,2362,2249,95.21591871295513,10301,7186,69.76021745461605,25.455701258339076
0.95,Bias Corrected,60-70%,29-35,430,397,92.32558139534883,1869,1315,70.35848047084002,21.967100924508813
0.95,Bias Corrected,60-70%,8-14,393,353,89.82188295165395,6923,4544,65.63628484760942,24.18559810404453
0.95,Historical IV,70-80%,15-21,765,722,94.37908496732025,6417,5029,78.36995480754247,16.009130159777783
0.95,Historical IV,70-80%,0-7,193,166,86.01036269430051,5443,3999,73.47051258497153,12.539850109328981
0.95,Historical IV,70-80%,22-28,508,489,96.25984251968504,3902,3066,78.57508969759098,17.684752822094055
0.95,Historical IV,70-80%,36+,2669,2461,92.20681903334582,13505,10847,80.3184005923732,11.888418440972629
0.95,Historical IV,70-80%,29-35,356,333,93.53932584269663,2415,1902,78.75776397515529,14.781561867541342
0.95,Historical IV,70-80%,8-14,788,683,86.6751269035533,8954,6822,76.18941255304892,10.48571435050438
0.95,Historical IV,80-90%,15-21,1222,1140,93.28968903436989,7067,6127,86.6987406254422,6.590948408927687
0.95,Historical IV,80-90%,36+,3589,3374,94.00947339091668,11835,10359,87.52851711026615,6.480956280650531
0.95,Historical IV,80-90%,29-35,532,507,95.30075187969925,3055,2702,88.44517184942717,6.85558003027208
0.95,Historical IV,80-90%,0-7,330,297,90.0,5445,4566,83.85674931129476,6.143250688705237
0.95,Historical IV,80-90%,8-14,1333,1228,92.12303075768942,9057,7683,84.82941371315005,7.293617044539374
0.95,Historical IV,80-90%,22-28,702,678,96.58119658119658,4485,4014,89.49832775919732,7.082868821999256
0.95,Historical IV,60-70%,15-21,358,333,93.01675977653632,4534,3110,68.59285399205999,24.423905784476332
0.95,Historical IV,60-70%,22-28,318,295,92.76729559748428,2871,1964,68.40822013235807,24.35907546512621
0.95,Historical IV,60-70%,36+,1560,1409,90.32051282051282,11143,7845,70.40294355200575,19.917569268507066
0.95,Historical IV,60-70%,8-14,335,285,85.07462686567165,7489,4911,65.5761783949793,19.498448470692352
0.95,Historical IV,60-70%,29-35,238,218,91.59663865546219,1724,1187,68.85150812064965,22.74513053481253
0.95,Historical IV,60-70%,0-7,86,72,83.72093023255815,3645,2348,64.41700960219478,19.303920630363365
0.95,Historical IV,50-60%,15-21,142,133,93.66197183098592,2609,1614,61.862782675354545,31.799189155631375
0.95,Historical IV,50-60%,22-28,164,146,89.02439024390245,1850,1120,60.54054054054055,28.483849703361898
0.95,Historical IV,50-60%,36+,828,735,88.76811594202898,7823,4691,59.964208104307815,28.80390783772117
0.95,Historical IV,50-60%,29-35,151,132,87.41721854304636,1314,763,58.06697108066972,29.350247462376643
0.95,Historical IV,50-60%,8-14,89,76,85.39325842696628,3960,2148,54.24242424242425,31.150834184542035
0.95,Historical IV,50-60%,0-7,7,6,85.71428571428571,1487,818,55.01008742434432,30.704198289941388
