stock_name,rolling_period,current_price,rolling_low,distance_to_support_pct,total_breaks,days_since_last_break,last_break_date,support_stability_pct,stability_trend,median_drop_per_break_pct,avg_drop_per_break_pct,max_drop_pct,drop_std_dev_pct,avg_days_between_breaks,median_days_between_breaks,trading_days_per_break,num_clusters,max_consecutive_breaks,current_consecutive_breaks,support_strength_score,pattern_type,break_probability_30d,break_probability_60d,last_calculated,data_through_date
AAK,30,181.8,180.4,-0.77,150,4.0,2026-09-25,91.21,stable,-1.06,-1.56,-9.53,1.65,16.3,7.0,11.4,25,25,25,45.11,exhausted_cascade,0.0547,0.0547,2026-09-29 17:38:09,2026-09-29
AAK,90,181.8,180.4,-0.77,85,4.0,2026-09-25,95.02,stable,-1.07,-1.63,-9.53,1.88,28.9,7.0,20.1,18,15,15,46.4,exhausted_cascade,0.0283,0.0283,2026-09-29 17:38:11,2026-09-29
AAK,180,181.8,180.4,-0.77,59,4.0,2026-09-25,96.54,stable,-1.13,-1.78,-9.53,2.08,41.8,7.0,28.9,11,15,15,47.05,exhausted_cascade,0.0136,0.0189,2026-09-29 17:38:13,2026-09-29
AAK,270,181.8,180.4,-0.77,53,4.0,2026-09-25,96.9,stable,-1.14,-1.87,-9.53,2.17,46.7,3.5,32.2,10,15,15,47.21,exhausted_cascade,0.0108,0.0169,2026-09-29 17:38:15,2026-09-29
AAK,365,181.8,180.4,-0.77,47,4.0,2026-09-25,97.25,stable,-1.13,-1.75,-9.53,2.1,52.7,3.0,36.3,9,15,15,47.73,exhausted_cascade,0.0084,0.0148,2026-09-29 17:38:17,2026-09-29
ABB,30,972.0,896.6,-7.76,96,15.0,2026-09-14,94.38,stable,-1.13,-1.86,-9.38,1.98,25.7,7.0,17.8,23,15,4,46.59,shallow_breaker,0.0445,0.0445,2026-09-29 17:38:19,2026-09-29
ABB,90,972.0,896.6,-7.76,50,15.0,2026-09-14,97.07,stable,-1.13,-2.09,-9.38,2.3,49.9,7.0,34.1,10,15,1,47.89,shallow_breaker,0.0114,0.019,2026-09-29 17:38:21,2026-09-29
ABB,180,972.0,761.2,-21.69,27,540.0,2025-04-07,98.42,stable,-1.9,-2.68,-9.38,2.66,73.9,3.0,63.2,5,15,0,73.54,shallow_breaker,0.0096,0.0193,2026-09-29 17:38:23,2026-09-29
ABB,270,972.0,671.6,-30.91,21,540.0,2025-04-07,98.77,stable,-2.15,-2.98,-9.38,2.86,96.0,3.0,81.3,3,15,0,74.48,predictable_cycles,0.0058,0.0115,2026-09-29 17:38:25,2026-09-29
ABB,365,972.0,638.8,-34.28,20,540.0,2025-04-07,98.83,stable,-2.02,-2.89,-9.38,2.92,101.1,3.0,85.3,3,15,0,74.66,predictable_cycles,0.0052,0.0104,2026-09-29 17:38:27,2026-09-29
ASSA ABLOY B,30,355.4,335.7,-5.54,101,14.0,2026-09-15,94.08,stable,-1.32,-1.83,-8.98,1.86,24.5,7.0,16.9,25,13,3,46.63,shallow_breaker,0.0465,0.0465,2026-09-29 17:38:29,2026-09-29
ASSA ABLOY B,90,355.4,324.7,-8.64,52,190.0,2026-03-23,96.95,stable,-1.26,-1.98,-8.85,2.02,44.5,6.0,32.8,14,11,0,60.32,shallow_breaker,0.0308,0.0457,2026-09-29 17:38:31,2026-09-29
ASSA ABLOY B,180,355.4,320.6,-9.79,32,190.0,2026-03-23,98.13,stable,-1.46,-2.34,-8.85,2.2,73.3,3.0,53.3,9,11,0,61.71,shallow_breaker,0.0115,0.023,2026-09-29 17:38:33,2026-09-29
ASSA ABLOY B,270,355.4,314.2,-11.59,20,540.0,2025-04-07,98.83,stable,-2.76,-2.95,-8.85,2.38,101.1,3.0,85.3,6,11,0,75.72,predictable_cycles,0.0052,0.0104,2026-09-29 17:38:35,2026-09-29
ASSA ABLOY B,365,355.4,314.2,-11.59,20,540.0,2025-04-07,98.83,stable,-2.76,-2.95,-8.85,2.38,101.1,3.0,85.3,6,11,0,75.73,predictable_cycles,0.0052,0.0104,2026-09-29 17:38:37,2026-09-29
Addtech B,30,341.0,313.8,-7.98,84,14.0,2026-09-15,89.94,stable,-1.44,-2.71,-17.27,3.1,24.8,7.0,9.9,21,10,6,42.41,shallow_breaker,0.0787,0.0787,2026-09-29 17:38:38,2026-09-29
Addtech B,90,341.0,313.8,-7.98,32,14.0,2026-09-15,96.17,stable,-1.29,-3.09,-11.08,3.37,66.4,7.0,26.1,13,7,1,44.85,shallow_breaker,0.0105,0.021,2026-09-29 17:38:39,2026-09-29
Addtech B,180,341.0,301.8,-11.5,16,190.0,2026-03-23,98.08,stable,-1.07,-2.56,-9.35,2.9,125.5,7.0,52.2,8,5,0,60.21,shallow_breaker,0.0058,0.0115,2026-09-29 17:38:40,2026-09-29
Addtech B,270,341.0,283.2,-16.95,11,190.0,2026-03-23,98.68,stable,-1.32,-2.21,-6.55,2.01,188.3,80.5,75.9,7,5,0,63.79,shallow_breaker,0.0021,0.0042,2026-09-29 17:38:41,2026-09-29
Addtech B,365,341.0,283.2,-16.95,3,1450.0,2022-10-10,99.64,stable,-3.21,-4.17,-6.55,1.69,311.5,311.5,278.3,3,1,0,90.57,never_breaks,0.0005,0.001,2026-09-29 17:38:42,2026-09-29
Alfa Laval,30,564.8,529.2,-6.3,101,14.0,2026-09-15,94.08,stable,-1.41,-1.98,-12.47,2.28,24.5,7.0,16.9,25,12,3,45.79,shallow_breaker,0.0465,0.0465,2026-09-29 17:38:44,2026-09-29
Alfa Laval,90,564.8,529.2,-6.3,49,14.0,2026-09-15,97.13,stable,-2.28,-2.61,-12.21,2.58,51.0,7.0,34.8,12,11,1,47.33,predictable_cycles,0.0108,0.0183,2026-09-29 17:38:46,2026-09-29
Alfa Laval,180,564.8,510.8,-9.56,30,538.0,2025-04-09,98.24,stable,-2.78,-3.33,-12.21,2.93,66.3,3.0,56.9,6,10,0,72.5,predictable_cycles,0.0119,0.0239,2026-09-29 17:38:48,2026-09-29
Alfa Laval,270,564.8,464.1,-17.83,22,538.0,2025-04-09,98.71,stable,-2.78,-3.7,-12.21,3.28,91.6,3.0,77.6,5,10,0,73.37,predictable_cycles,0.0063,0.0127,2026-09-29 17:38:50,2026-09-29
Alfa Laval,365,564.8,421.3,-25.41,18,538.0,2025-04-09,98.95,stable,-2.78,-4.09,-12.21,3.48,113.1,3.0,94.8,4,10,0,74.22,predictable_cycles,0.0042,0.0084,2026-09-29 17:38:52,2026-09-29
Asmodee Group B,30,163.6,150.5,-8.01,40,98.0,2026-06-23,90.27,stable,-1.37,-1.58,-5.5,1.28,12.8,3.0,10.3,6,12,0,51.94,shallow_breaker,0.146,0.146,2026-09-29 17:38:52,2026-09-29
Asmodee Group B,90,163.6,140.0,-14.43,31,190.0,2026-03-23,92.46,stable,-1.2,-1.51,-5.5,1.24,13.5,3.0,13.3,4,11,0,59.17,shallow_breaker,0.1131,0.1131,2026-09-29 17:38:53,2026-09-29
Asmodee Group B,180,163.6,105.0,-35.82,26,190.0,2026-03-23,93.67,stable,-1.23,-1.6,-5.5,1.27,16.2,3.0,15.8,3,11,0,59.67,shallow_breaker,0.0949,0.0949,2026-09-29 17:38:53,2026-09-29
Asmodee Group B,270,163.6,91.28,-44.21,15,190.0,2026-03-23,96.35,stable,-1.79,-2.08,-5.5,1.36,29.0,3.0,27.4,2,11,0,61.07,shallow_breaker,0.0547,0.0547,2026-09-29 17:38:54,2026-09-29
Asmodee Group B,365,163.6,91.28,-44.21,11,540.0,2025-04-07,97.32,improving,-1.71,-2.07,-5.5,1.39,5.6,3.0,37.4,1,11,0,73.98,shallow_breaker,0.0401,0.0401,2026-09-29 17:38:54,2026-09-29
AstraZeneca,30,1645.5,1507.0,-8.42,109,57.0,2026-08-03,93.61,stable,-1.12,-1.76,-10.11,1.92,22.2,7.0,15.7,29,15,0,49.22,shallow_breaker,0.0958,0.0958,2026-09-29 17:38:56,2026-09-29
AstraZeneca,90,1645.5,1467.0,-10.85,55,57.0,2026-08-03,96.78,stable,-1.36,-2.0,-10.11,2.16,44.3,7.0,31.0,15,13,0,50.74,shallow_breaker,0.0249,0.0368,2026-09-29 17:38:58,2026-09-29
AstraZeneca,180,1645.5,1467.0,-10.85,38,57.0,2026-08-03,97.77,stable,-1.16,-2.19,-10.11,2.38,64.7,7.0,44.9,10,13,0,51.55,shallow_breaker,0.0097,0.0194,2026-09-29 17:39:00,2026-09-29
AstraZeneca,270,1645.5,1467.0,-10.85,19,57.0,2026-08-03,98.89,stable,-2.29,-2.66,-6.82,2.08,132.9,8.5,89.8,8,8,0,55.55,predictable_cycles,0.0018,0.0036,2026-09-29 17:39:02,2026-09-29
AstraZeneca,365,1645.5,1385.0,-15.83,13,538.0,2025-04-09,99.24,stable,-2.77,-3.07,-6.82,2.29,159.3,5.0,131.3,4,8,0,79.19,predictable_cycles,0.0022,0.0043,2026-09-29 17:39:05,2026-09-29
Atlas Copco A,30,208.1,190.8,-8.31,106,14.0,2026-09-15,93.79,stable,-1.32,-2.1,-9.68,2.05,23.3,7.0,16.1,23,16,4,46.11,shallow_breaker,0.0497,0.0497,2026-09-29 17:39:07,2026-09-29
Atlas Copco A,90,208.1,180.85,-13.09,48,190.0,2026-03-23,97.19,stable,-1.75,-2.49,-7.88,2.23,48.2,7.0,35.6,11,12,0,60.15,shallow_breaker,0.0262,0.0422,2026-09-29 17:39:09,2026-09-29
Atlas Copco A,180,208.1,163.7,-21.34,33,540.0,2025-04-07,98.07,stable,-2.49,-2.89,-7.88,2.38,59.9,5.5,51.7,4,12,0,73.21,predictable_cycles,0.0145,0.029,2026-09-29 17:39:11,2026-09-29
Atlas Copco A,270,208.1,153.45,-26.26,31,540.0,2025-04-07,98.18,stable,-2.49,-2.94,-7.88,2.42,63.9,3.5,55.1,4,12,0,73.39,predictable_cycles,0.0128,0.0256,2026-09-29 17:39:13,2026-09-29
Atlas Copco A,365,208.1,149.5,-28.16,30,540.0,2025-04-07,98.24,stable,-2.71,-2.86,-7.7,2.28,66.1,3.0,56.9,4,12,0,73.8,predictable_cycles,0.012,0.0239,2026-09-29 17:39:15,2026-09-29
Atlas Copco B,30,179.55,166.5,-7.27,104,14.0,2026-09-15,93.86,stable,-1.26,-2.04,-7.73,1.97,23.7,7.0,16.3,23,13,4,46.29,shallow_breaker,0.0488,0.0488,2026-09-29 17:39:17,2026-09-29
Atlas Copco B,90,179.55,159.75,-11.03,47,190.0,2026-03-23,97.23,stable,-1.73,-2.43,-7.62,2.1,49.3,7.0,36.1,14,13,0,60.46,shallow_breaker,0.0253,0.0416,2026-09-29 17:39:19,2026-09-29
Atlas Copco B,180,179.55,144.95,-19.27,30,540.0,2025-04-07,98.23,stable,-2.33,-2.97,-7.62,2.32,66.1,4.0,56.5,5,13,0,73.7,predictable_cycles,0.0121,0.0241,2026-09-29 17:39:21,2026-09-29
Atlas Copco B,270,179.55,135.8,-24.37,27,540.0,2025-04-07,98.41,stable,-2.83,-3.16,-7.62,2.29,73.7,5.5,62.8,5,13,0,74.24,predictable_cycles,0.0097,0.0195,2026-09-29 17:39:23,2026-09-29
Atlas Copco B,365,179.55,134.0,-25.37,27,540.0,2025-04-07,98.41,stable,-2.3,-2.97,-7.62,2.22,73.7,5.5,62.8,5,13,0,74.39,predictable_cycles,0.0097,0.0195,2026-09-29 17:39:25,2026-09-29
Avanza Bank Holding,30,380.8,372.4,-2.21,115,5.0,2026-09-24,93.26,stable,-1.63,-2.7,-18.67,2.98,21.5,7.0,14.8,29,10,4,43.37,shallow_breaker,0.0415,0.0415,2026-09-29 17:39:27,2026-09-29
Avanza Bank Holding,90,380.8,372.4,-2.21,45,217.0,2026-02-24,97.36,stable,-1.74,-3.32,-18.67,3.76,51.0,7.0,37.9,15,7,0,59.15,shallow_breaker,0.0233,0.0395,2026-09-29 17:39:29,2026-09-29
Avanza Bank Holding,180,380.8,319.9,-15.99,28,217.0,2026-02-24,98.36,stable,-2.84,-3.86,-18.67,4.2,83.1,7.0,61.0,7,7,0,60.15,predictable_cycles,0.0089,0.0178,2026-09-29 17:39:31,2026-09-29
Avanza Bank Holding,270,380.8,318.4,-16.39,25,1093.0,2023-10-02,98.54,stable,-2.04,-3.74,-18.67,4.39,57.0,7.0,68.3,6,7,0,70.45,predictable_cycles,0.0116,0.022,2026-09-29 17:39:33,2026-09-29
Avanza Bank Holding,365,380.8,318.4,-16.39,21,1450.0,2022-10-10,98.77,stable,-2.04,-4.0,-18.67,4.68,50.6,7.0,81.3,5,7,0,70.85,predictable_cycles,0.011,0.0185,2026-09-29 17:39:35,2026-09-29
Axfood,30,257.7,236.9,-8.07,147,75.0,2026-07-16,91.39,stable,-0.76,-1.43,-14.24,2.16,16.3,5.0,11.6,24,23,0,49.03,shallow_breaker,0.1292,0.1292,2026-09-29 17:39:37,2026-09-29
Axfood,90,257.7,226.1,-12.26,98,75.0,2026-07-16,94.26,stable,-0.71,-1.28,-10.04,1.8,24.5,4.0,17.4,15,19,0,51.01,shallow_breaker,0.0861,0.0861,2026-09-29 17:39:39,2026-09-29
Axfood,180,257.7,226.1,-12.26,58,75.0,2026-07-16,96.6,stable,-0.63,-1.32,-10.04,1.94,41.7,4.0,29.4,12,19,0,52.25,shallow_breaker,0.0342,0.0475,2026-09-29 17:39:41,2026-09-29
Axfood,270,257.7,226.1,-12.26,40,75.0,2026-07-16,97.66,stable,-0.75,-1.5,-10.04,2.04,61.0,7.0,42.7,7,19,0,53.28,shallow_breaker,0.0128,0.0257,2026-09-29 17:39:43,2026-09-29
Axfood,365,257.7,226.1,-12.26,38,75.0,2026-07-16,97.77,stable,-0.75,-1.36,-10.04,1.84,64.3,6.0,44.9,6,19,0,53.87,shallow_breaker,0.0113,0.0225,2026-09-29 17:39:45,2026-09-29
BONESUPPORT HOLDING,30,233.2,205.8,-11.75,79,75.0,2026-07-16,90.54,stable,-1.9,-3.4,-50.56,6.07,25.8,7.0,10.6,20,23,0,40.87,shallow_breaker,0.1419,0.1419,2026-09-29 17:39:46,2026-09-29
BONESUPPORT HOLDING,90,233.2,191.0,-18.1,50,75.0,2026-07-16,94.01,weakening,-1.89,-3.5,-47.88,7.01,41.1,5.0,16.7,13,21,0,40.46,shallow_breaker,0.0618,0.0846,2026-09-29 17:39:47,2026-09-29
BONESUPPORT HOLDING,180,233.2,191.0,-18.1,37,217.0,2026-02-24,95.57,weakening,-1.65,-3.47,-35.51,6.24,51.9,4.5,22.6,10,17,0,52.61,shallow_breaker,0.0384,0.0665,2026-09-29 17:39:48,2026-09-29
BONESUPPORT HOLDING,270,233.2,165.0,-29.25,35,217.0,2026-02-24,95.81,stable,-1.65,-3.47,-35.04,6.31,55.0,4.0,23.9,9,17,0,52.62,shallow_breaker,0.0343,0.0629,2026-09-29 17:39:49,2026-09-29
BONESUPPORT HOLDING,365,233.2,165.0,-29.25,30,217.0,2026-02-24,96.41,stable,-1.77,-3.7,-35.04,6.77,64.5,4.0,27.8,8,17,0,52.15,shallow_breaker,0.0251,0.0501,2026-09-29 17:39:50,2026-09-29
Betsson B,30,95.65,90.2,-5.7,105,95.0,2026-06-26,93.85,stable,-1.54,-2.9,-19.15,3.53,22.8,7.0,16.3,27,23,0,48.71,shallow_breaker,0.0923,0.0923,2026-09-29 17:39:52,2026-09-29
Betsson B,90,95.65,83.55,-12.65,65,173.0,2026-04-09,96.19,stable,-1.35,-2.66,-19.15,3.53,35.8,4.5,26.3,12,21,0,55.44,shallow_breaker,0.0479,0.0571,2026-09-29 17:39:54,2026-09-29
Betsson B,180,95.65,81.0,-15.32,41,173.0,2026-04-09,97.6,stable,-1.61,-3.53,-19.15,4.12,57.2,4.5,41.6,8,14,0,55.75,shallow_breaker,0.0189,0.036,2026-09-29 17:39:56,2026-09-29
Betsson B,270,95.65,81.0,-15.32,34,173.0,2026-04-09,98.01,stable,-2.23,-3.99,-19.15,4.18,69.3,5.0,50.2,6,14,0,56.32,predictable_cycles,0.0129,0.0259,2026-09-29 17:39:58,2026-09-29
Betsson B,365,95.65,81.0,-15.32,31,173.0,2026-04-09,98.18,stable,-2.33,-4.21,-19.15,4.18,76.3,4.0,55.1,5,14,0,56.72,predictable_cycles,0.0107,0.0214,2026-09-29 17:40:00,2026-09-29
Billerud,30,81.4,78.0,-4.18,106,110.0,2026-06-11,93.79,stable,-1.72,-2.83,-17.63,3.33,22.3,7.0,16.1,22,15,0,50.11,shallow_breaker,0.0931,0.0931,2026-09-29 17:40:03,2026-09-29
Billerud,90,81.4,61.1,-24.94,54,110.0,2026-06-11,96.84,stable,-2.2,-3.29,-16.57,3.46,44.3,7.0,31.6,16,12,0,51.83,predictable_cycles,0.0322,0.0475,2026-09-29 17:40:05,2026-09-29
Billerud,180,81.4,59.15,-27.33,45,110.0,2026-06-11,97.36,stable,-1.77,-3.01,-11.49,3.13,53.3,7.0,37.9,12,12,0,53.08,shallow_breaker,0.0222,0.0395,2026-09-29 17:40:07,2026-09-29
Billerud,270,81.4,59.15,-27.33,41,110.0,2026-06-11,97.6,stable,-1.7,-3.01,-11.49,3.16,58.6,7.0,41.6,12,12,0,53.35,shallow_breaker,0.0177,0.0345,2026-09-29 17:40:09,2026-09-29
Billerud,365,81.4,59.15,-27.33,35,110.0,2026-06-11,97.95,stable,-1.77,-3.24,-11.49,3.27,69.0,8.0,48.8,11,8,0,53.73,shallow_breaker,0.0116,0.0231,2026-09-29 17:40:11,2026-09-29
Boliden,30,507.4,497.5,-1.95,100,1.0,2026-09-28,94.15,stable,-2.06,-3.07,-17.49,2.93,24.8,7.0,17.1,23,19,2,43.63,predictable_cycles,0.0305,0.0305,2026-09-29 17:40:13,2026-09-29
Boliden,90,507.4,460.5,-9.24,56,62.0,2026-07-29,96.72,stable,-1.83,-3.14,-17.49,3.17,43.6,7.0,30.5,13,19,0,49.01,shallow_breaker,0.0273,0.0397,2026-09-29 17:40:15,2026-09-29
Boliden,180,507.4,460.5,-9.24,42,540.0,2025-04-07,97.54,stable,-1.78,-2.92,-17.49,3.31,46.9,7.0,40.7,7,19,0,70.42,shallow_breaker,0.0236,0.0369,2026-09-29 17:40:17,2026-09-29
Boliden,270,507.4,453.0,-10.72,31,540.0,2025-04-07,98.19,stable,-1.55,-2.74,-17.49,3.59,64.0,5.5,55.1,6,19,0,71.06,shallow_breaker,0.0128,0.0255,2026-09-29 17:40:19,2026-09-29
Boliden,365,507.4,371.0,-26.88,28,540.0,2025-04-07,98.36,stable,-1.7,-2.89,-17.49,3.65,71.1,4.0,61.0,5,19,0,71.38,shallow_breaker,0.0104,0.0207,2026-09-29 17:40:21,2026-09-29
Castellum,30,126.0,124.5,-1.19,131,4.0,2026-09-25,92.33,stable,-1.12,-2.39,-17.89,2.92,18.9,7.0,13.0,28,14,9,43.03,shallow_breaker,0.0465,0.0465,2026-09-29 17:40:23,2026-09-29
Castellum,90,126.0,124.5,-1.19,64,190.0,2026-03-23,96.25,stable,-1.83,-2.82,-17.89,3.48,36.0,7.0,26.7,15,10,0,56.75,shallow_breaker,0.0469,0.0562,2026-09-29 17:40:25,2026-09-29
Castellum,180,126.0,110.95,-11.94,46,190.0,2026-03-23,97.31,stable,-2.05,-3.23,-17.89,3.85,50.4,5.0,37.1,9,10,0,57.04,predictable_cycles,0.0241,0.0404,2026-09-29 17:40:27,2026-09-29
Castellum,270,126.0,100.25,-20.44,38,190.0,2026-03-23,97.77,stable,-2.46,-3.77,-17.89,4.01,61.2,6.0,44.9,8,10,0,57.39,predictable_cycles,0.0164,0.0327,2026-09-29 17:40:29,2026-09-29
Castellum,365,126.0,100.25,-20.44,36,538.0,2025-04-09,97.89,stable,-2.46,-3.72,-17.89,4.14,54.8,5.0,47.4,7,10,0,69.33,predictable_cycles,0.0173,0.0316,2026-09-29 17:40:31,2026-09-29
Coffee Stain Group B,30,19.58,18.4,-6.04,40,55.0,2026-08-05,79.8,improving,-0.93,-1.36,-5.12,1.16,6.1,3.0,5.0,3,25,0,45.72,shallow_breaker,0.303,0.303,2026-09-29 17:40:31,2026-09-29
Coffee Stain Group B,90,19.58,16.21,-17.24,26,55.0,2026-08-05,86.87,improving,-1.01,-1.46,-4.35,1.17,9.4,3.0,7.6,2,25,0,48.0,shallow_breaker,0.197,0.197,2026-09-29 17:40:31,2026-09-29
Coffee Stain Group B,180,19.58,16.21,-17.24,25,190.0,2026-03-23,87.37,improving,-0.93,-1.41,-4.35,1.17,4.2,3.0,7.9,1,25,0,57.44,shallow_breaker,0.1894,0.1894,2026-09-29 17:40:32,2026-09-29
Coffee Stain Group B,270,19.58,15.75,-19.57,25,190.0,2026-03-23,87.37,improving,-0.93,-1.41,-4.35,1.17,4.2,3.0,7.9,1,25,0,57.44,shallow_breaker,0.1894,0.1894,2026-09-29 17:40:32,2026-09-29
Coffee Stain Group B,365,19.58,15.75,-19.57,25,190.0,2026-03-23,87.37,improving,-0.93,-1.41,-4.35,1.17,4.2,3.0,7.9,1,25,0,57.44,shallow_breaker,0.1894,0.1894,2026-09-29 17:40:32,2026-09-29
Dometic Group,30,21.04,20.5,-2.57,171,4.0,2026-09-25,89.98,stable,-1.93,-2.95,-26.83,3.56,14.5,7.0,10.0,23,19,9,40.83,shallow_breaker,0.064,0.064,2026-09-29 17:40:34,2026-09-29
Dometic Group,90,21.04,20.5,-2.57,131,4.0,2026-09-25,92.33,stable,-1.73,-2.96,-26.83,3.76,18.9,7.0,13.0,17,19,7,41.34,shallow_breaker,0.0465,0.0465,2026-09-29 17:40:36,2026-09-29
Dometic Group,180,21.04,20.5,-2.57,95,4.0,2026-09-25,94.43,stable,-1.99,-3.35,-26.83,4.22,26.1,7.0,18.0,12,19,7,41.4,shallow_breaker,0.0321,0.0321,2026-09-29 17:40:38,2026-09-29
Dometic Group,270,21.04,20.5,-2.57,79,4.0,2026-09-25,95.37,stable,-2.12,-3.7,-26.83,4.52,31.5,7.0,21.6,11,19,7,41.33,predictable_cycles,0.0248,0.0261,2026-09-29 17:40:40,2026-09-29
Dometic Group,365,21.04,20.5,-2.57,73,4.0,2026-09-25,95.72,stable,-1.99,-3.57,-23.88,4.37,34.1,6.0,23.4,10,19,7,41.85,shallow_breaker,0.021,0.0239,2026-09-29 17:40:42,2026-09-29
EQT,30,283.9,283.0,-0.32,111,4.0,2026-09-25,93.5,stable,-1.64,-3.62,-17.64,4.26,22.3,7.0,15.4,24,12,10,40.85,exhausted_cascade,0.0383,0.0383,2026-09-29 17:40:44,2026-09-29
EQT,90,283.9,269.8,-4.97,40,98.0,2026-06-23,97.66,stable,-2.53,-4.57,-15.87,4.49,60.6,7.0,42.7,16,7,0,49.95,predictable_cycles,0.0152,0.0304,2026-09-29 17:40:46,2026-09-29
EQT,180,283.9,259.0,-8.77,28,98.0,2026-06-23,98.36,stable,-2.26,-4.91,-15.87,4.48,87.5,7.0,61.0,11,7,0,51.44,predictable_cycles,0.006,0.0119,2026-09-29 17:40:48,2026-09-29
EQT,270,283.9,259.0,-8.77,19,98.0,2026-06-23,98.89,stable,-2.63,-5.3,-15.87,4.69,131.3,34.5,89.8,10,5,0,53.15,predictable_cycles,0.0022,0.0044,2026-09-29 17:40:50,2026-09-29
EQT,365,283.9,259.0,-8.77,14,98.0,2026-06-23,99.18,stable,-6.05,-6.34,-15.87,4.8,181.8,42.0,121.9,8,5,0,55.21,predictable_cycles,0.001,0.0021,2026-09-29 17:40:52,2026-09-29
Electrolux B,30,26.08,25.31,-2.95,169,14.0,2026-09-15,90.1,stable,-1.7,-3.37,-84.41,7.58,14.6,3.0,10.1,30,18,6,33.52,shallow_breaker,0.0971,0.0971,2026-09-29 17:40:54,2026-09-29
Electrolux B,90,26.08,21.81,-16.37,91,70.0,2026-07-21,94.67,stable,-1.7,-4.35,-84.41,10.1,26.6,3.0,18.8,15,18,0,34.48,shallow_breaker,0.08,0.08,2026-09-29 17:40:56,2026-09-29
Electrolux B,180,26.08,21.81,-16.37,70,70.0,2026-07-21,95.9,stable,-1.78,-5.02,-84.41,11.3,34.7,3.0,24.4,13,18,0,35.23,shallow_breaker,0.0533,0.0615,2026-09-29 17:40:58,2026-09-29
Electrolux B,270,26.08,21.81,-16.37,62,70.0,2026-07-21,96.37,stable,-1.95,-5.27,-84.41,11.74,39.2,3.0,27.5,10,18,0,35.59,shallow_breaker,0.0387,0.0506,2026-09-29 17:41:00,2026-09-29
Electrolux B,365,26.08,21.81,-16.37,55,70.0,2026-07-21,96.78,stable,-1.83,-5.33,-84.41,12.38,44.3,2.0,31.0,7,18,0,35.95,shallow_breaker,0.0282,0.0416,2026-09-29 17:41:02,2026-09-29
Elekta B,30,52.7,48.5,-7.97,128,20.0,2026-09-09,92.5,stable,-1.65,-2.78,-13.83,2.86,19.2,7.0,13.3,28,16,2,44.31,shallow_breaker,0.0765,0.0765,2026-09-29 17:41:04,2026-09-29
Elekta B,90,52.7,45.7,-13.28,87,68.0,2026-07-23,94.9,stable,-1.72,-2.87,-11.47,2.74,27.8,7.0,19.6,16,15,0,49.0,shallow_breaker,0.0764,0.0764,2026-09-29 17:41:06,2026-09-29
Elekta B,180,52.7,45.7,-13.28,74,68.0,2026-07-23,95.66,stable,-1.81,-2.81,-11.47,2.65,32.8,7.0,23.1,14,15,0,49.65,shallow_breaker,0.0595,0.065,2026-09-29 17:41:08,2026-09-29
Elekta B,270,52.7,45.7,-13.28,60,427.0,2025-07-29,96.49,stable,-2.31,-3.14,-11.47,2.68,34.5,7.0,28.4,12,15,0,70.54,predictable_cycles,0.0459,0.0527,2026-09-29 17:41:10,2026-09-29
Elekta B,365,52.7,41.86,-20.57,58,427.0,2025-07-29,96.6,stable,-2.5,-3.19,-11.47,2.69,35.7,5.0,29.4,12,15,0,70.61,predictable_cycles,0.0428,0.051,2026-09-29 17:41:12,2026-09-29
Embracer Group B,30,85.48,70.92,-17.03,173,97.0,2026-06-24,89.41,stable,-1.97,-3.59,-51.79,6.37,13.7,3.0,9.4,30,28,0,41.37,shallow_breaker,0.1589,0.1589,2026-09-29 17:41:14,2026-09-29
Embracer Group B,90,85.48,60.92,-28.73,88,190.0,2026-03-23,94.61,stable,-2.09,-4.7,-51.79,8.31,26.1,3.0,18.6,16,17,0,46.06,predictable_cycles,0.0808,0.0808,2026-09-29 17:41:16,2026-09-29
Embracer Group B,180,85.48,47.4,-44.55,64,190.0,2026-03-23,96.08,stable,-2.2,-5.02,-51.79,8.99,36.0,3.0,25.5,14,14,0,45.61,predictable_cycles,0.0489,0.0588,2026-09-29 17:41:18,2026-09-29
Embracer Group B,270,85.48,43.0,-49.7,60,190.0,2026-03-23,96.33,stable,-2.09,-5.11,-51.79,9.27,38.5,3.0,27.2,13,14,0,45.24,predictable_cycles,0.043,0.0551,2026-09-29 17:41:20,2026-09-29
Embracer Group B,365,85.48,43.0,-49.7,58,190.0,2026-03-23,96.45,stable,-2.09,-5.09,-45.85,8.92,39.8,3.0,28.2,13,14,0,46.03,predictable_cycles,0.0401,0.0533,2026-09-29 17:41:22,2026-09-29
Epiroc A,30,263.9,242.8,-8.0,97,14.0,2026-09-15,94.32,stable,-1.73,-2.32,-10.61,2.26,25.4,7.0,17.6,23,12,2,45.93,shallow_breaker,0.044,0.044,2026-09-29 17:41:24,2026-09-29
Epiroc A,90,263.9,228.3,-13.49,43,74.0,2026-07-17,97.48,stable,-1.81,-2.82,-10.61,2.66,56.7,7.0,39.7,14,12,0,51.71,shallow_breaker,0.0153,0.029,2026-09-29 17:41:26,2026-09-29
Epiroc A,180,263.9,228.3,-13.49,25,312.0,2025-11-21,98.54,stable,-2.34,-3.04,-8.67,2.49,89.4,6.5,68.3,9,12,0,70.64,predictable_cycles,0.0074,0.0147,2026-09-29 17:41:28,2026-09-29
Epiroc A,270,263.9,208.4,-21.03,21,540.0,2025-04-07,98.77,stable,-1.77,-3.06,-8.67,2.61,95.8,6.5,81.3,7,12,0,74.98,shallow_breaker,0.0058,0.0116,2026-09-29 17:41:30,2026-09-29
Epiroc A,365,263.9,186.6,-29.29,19,540.0,2025-04-07,98.89,stable,-2.29,-3.19,-8.67,2.62,106.5,5.5,89.8,6,12,0,75.58,predictable_cycles,0.0047,0.0094,2026-09-29 17:41:32,2026-09-29
Ericsson B,30,93.28,92.68,-0.64,121,0.0,2026-09-29,92.84,stable,-1.26,-2.13,-17.65,2.47,20.5,7.0,14.0,26,19,4,43.86,shallow_breaker,0.0358,0.0358,2026-09-29 17:41:34,2026-09-29
Ericsson B,90,93.28,90.56,-2.92,65,67.0,2026-07-24,96.15,stable,-1.73,-2.49,-17.65,2.72,37.4,7.0,26.0,18,9,0,49.78,shallow_breaker,0.043,0.0537,2026-09-29 17:41:36,2026-09-29
Ericsson B,180,93.28,90.56,-2.92,38,67.0,2026-07-24,97.75,stable,-2.07,-2.99,-17.65,3.26,64.7,7.0,44.5,14,7,0,50.44,predictable_cycles,0.0106,0.0212,2026-09-29 17:41:38,2026-09-29
Ericsson B,270,93.28,84.56,-9.35,32,1065.0,2023-10-30,98.11,stable,-2.02,-3.04,-17.65,3.43,45.0,7.0,52.8,11,7,0,71.19,predictable_cycles,0.0189,0.0284,2026-09-29 17:41:40,2026-09-29
Ericsson B,365,93.28,75.94,-18.59,31,1065.0,2023-10-30,98.17,stable,-2.07,-3.12,-17.65,3.46,46.5,7.0,54.5,10,7,0,71.27,predictable_cycles,0.0177,0.0275,2026-09-29 17:41:42,2026-09-29
Essity B,30,259.4,256.8,-1.0,119,0.0,2026-09-29,93.03,stable,-0.89,-1.59,-9.46,1.75,20.7,7.0,14.3,29,15,9,45.39,shallow_breaker,0.0349,0.0349,2026-09-29 17:41:44,2026-09-29
Essity B,90,259.4,256.8,-1.0,65,0.0,2026-09-29,96.19,stable,-1.08,-1.84,-9.46,1.95,38.2,7.0,26.3,18,12,6,46.77,shallow_breaker,0.015,0.019,2026-09-29 17:41:46,2026-09-29
Essity B,180,259.4,240.1,-7.44,46,186.0,2026-03-27,97.31,stable,-1.19,-1.81,-6.08,1.72,50.1,7.0,37.1,14,12,0,61.04,shallow_breaker,0.0242,0.0404,2026-09-29 17:41:48,2026-09-29
Essity B,270,259.4,239.4,-7.71,35,371.0,2025-09-23,97.95,stable,-1.08,-1.72,-6.08,1.7,60.9,7.0,48.8,10,12,0,74.33,shallow_breaker,0.0151,0.0303,2026-09-29 17:41:50,2026-09-29
Essity B,365,259.4,239.4,-7.71,28,371.0,2025-09-23,98.36,stable,-0.7,-1.59,-6.08,1.82,76.7,6.0,61.0,8,12,0,75.04,shallow_breaker,0.0096,0.0192,2026-09-29 17:41:53,2026-09-29
Evolution,30,788.0,778.8,-1.17,108,1.0,2026-09-28,93.67,weakening,-1.98,-2.82,-28.24,3.41,23.0,7.0,15.8,28,27,2,42.43,shallow_breaker,0.033,0.033,2026-09-29 17:41:55,2026-09-29
Evolution,90,788.0,648.8,-17.66,72,224.0,2026-02-17,95.78,weakening,-1.6,-2.59,-19.6,3.07,31.5,7.0,23.7,16,24,0,59.57,shallow_breaker,0.0604,0.0633,2026-09-29 17:41:57,2026-09-29
Evolution,180,788.0,594.8,-24.52,61,224.0,2026-02-17,96.43,stable,-1.35,-2.47,-19.6,3.08,37.2,7.0,28.0,16,20,0,60.03,shallow_breaker,0.0432,0.0536,2026-09-29 17:41:59,2026-09-29
Evolution,270,788.0,515.4,-34.59,52,224.0,2026-02-17,96.95,stable,-1.29,-2.01,-10.75,2.2,43.8,7.0,32.8,13,20,0,62.28,shallow_breaker,0.0313,0.0457,2026-09-29 17:42:01,2026-09-29
Evolution,365,788.0,515.4,-34.59,43,224.0,2026-02-17,97.48,stable,-1.25,-1.74,-10.75,1.9,53.2,6.5,39.7,9,20,0,63.51,shallow_breaker,0.0213,0.0378,2026-09-29 17:42:03,2026-09-29
Fabege,30,67.15,65.0,-3.2,131,1.0,2026-09-28,92.33,stable,-1.78,-2.5,-12.99,2.47,18.9,7.0,13.0,29,13,13,43.71,exhausted_cascade,0.0404,0.0404,2026-09-29 17:42:05,2026-09-29
Fabege,90,67.15,65.0,-3.2,72,1.0,2026-09-28,95.78,stable,-1.76,-2.62,-12.99,2.7,34.6,7.0,23.7,19,11,11,45.03,exhausted_cascade,0.0188,0.0217,2026-09-29 17:42:07,2026-09-29
Fabege,180,67.15,65.0,-3.2,43,1.0,2026-09-28,97.48,stable,-1.87,-3.15,-12.99,3.14,58.6,7.0,39.7,11,11,11,45.76,exhausted_cascade,0.0066,0.0128,2026-09-29 17:42:09,2026-09-29
Fabege,270,67.15,65.0,-3.2,42,1.0,2026-09-28,97.54,stable,-1.89,-3.18,-12.99,3.17,60.0,7.0,40.6,10,11,11,45.78,exhausted_cascade,0.0063,0.0125,2026-09-29 17:42:11,2026-09-29
Fabege,365,67.15,65.0,-3.2,39,1.0,2026-09-28,97.72,stable,-1.87,-3.22,-12.99,3.25,64.7,7.0,43.8,8,11,11,45.88,exhausted_cascade,0.0054,0.0108,2026-09-29 17:42:13,2026-09-29
Fastighets AB Balder B,30,48.24,47.5,-1.53,132,4.0,2026-09-25,92.27,stable,-1.71,-2.93,-17.3,3.33,18.3,7.0,12.9,29,18,9,42.17,shallow_breaker,0.0471,0.0471,2026-09-29 17:42:15,2026-09-29
Fastighets AB Balder B,90,48.24,47.5,-1.53,71,4.0,2026-09-25,95.84,stable,-2.01,-3.41,-17.3,3.77,34.2,7.0,24.0,18,13,3,43.14,predictable_cycles,0.0204,0.0232,2026-09-29 17:42:17,2026-09-29
Fastighets AB Balder B,180,48.24,47.5,-1.53,52,4.0,2026-09-25,96.95,stable,-2.45,-3.85,-17.3,3.98,46.9,4.0,32.8,9,13,3,43.64,predictable_cycles,0.0106,0.0165,2026-09-29 17:42:19,2026-09-29
Fastighets AB Balder B,270,48.24,47.5,-1.53,50,4.0,2026-09-25,97.07,stable,-2.01,-3.7,-17.3,4.1,48.8,3.0,34.1,8,13,3,43.54,predictable_cycles,0.0097,0.0158,2026-09-29 17:42:21,2026-09-29
Fastighets AB Balder B,365,48.24,47.5,-1.53,40,4.0,2026-09-25,97.66,stable,-2.42,-4.2,-17.3,4.35,61.3,3.0,42.7,8,10,3,43.79,predictable_cycles,0.0061,0.0122,2026-09-29 17:42:23,2026-09-29
Getinge B,30,247.6,234.4,-5.33,97,18.0,2026-09-11,94.32,stable,-1.74,-3.04,-24.74,4.33,25.4,7.0,17.6,24,14,1,42.07,shallow_breaker,0.0485,0.0485,2026-09-29 17:42:25,2026-09-29
Getinge B,90,247.6,197.85,-20.09,44,190.0,2026-03-23,97.42,stable,-1.99,-3.4,-18.32,4.3,52.8,7.0,38.8,12,12,0,56.31,shallow_breaker,0.022,0.0387,2026-09-29 17:42:27,2026-09-29
Getinge B,180,247.6,181.05,-26.88,33,190.0,2026-03-23,98.07,stable,-2.19,-3.76,-15.13,4.3,71.0,7.0,51.7,9,9,0,57.38,predictable_cycles,0.0123,0.0245,2026-09-29 17:42:29,2026-09-29
Getinge B,270,247.6,175.9,-28.96,19,190.0,2026-03-23,98.89,stable,-2.73,-4.82,-15.13,4.63,126.2,18.0,89.8,8,8,0,59.58,predictable_cycles,0.0033,0.0066,2026-09-29 17:42:31,2026-09-29
Getinge B,365,247.6,175.9,-28.96,17,190.0,2026-03-23,99.0,stable,-2.37,-4.38,-15.13,4.51,141.9,18.0,100.4,7,8,0,60.57,predictable_cycles,0.0025,0.0049,2026-09-29 17:42:33,2026-09-29
H&M B,30,157.65,157.6,-0.03,134,0.0,2026-09-29,92.15,stable,-1.43,-2.25,-14.9,2.72,18.5,7.0,12.7,25,15,10,43.07,shallow_breaker,0.0393,0.0393,2026-09-29 17:42:35,2026-09-29
H&M B,90,157.65,157.6,-0.03,81,0.0,2026-09-29,95.25,stable,-1.39,-2.34,-14.9,3.05,30.8,7.0,21.1,13,13,1,43.93,shallow_breaker,0.0231,0.0237,2026-09-29 17:42:37,2026-09-29
H&M B,180,157.65,156.35,-0.82,61,139.0,2026-05-13,96.43,stable,-1.37,-2.54,-14.9,3.35,38.7,7.0,28.0,10,12,0,53.66,shallow_breaker,0.0416,0.0536,2026-09-29 17:42:39,2026-09-29
H&M B,270,157.65,156.35,-0.82,47,540.0,2025-04-07,97.25,stable,-1.37,-2.88,-14.9,3.7,41.8,7.0,36.3,8,12,0,69.26,shallow_breaker,0.0297,0.0413,2026-09-29 17:42:41,2026-09-29
H&M B,365,157.65,156.35,-0.82,36,540.0,2025-04-07,97.89,stable,-1.86,-3.45,-14.9,4.04,54.9,6.0,47.4,6,12,0,69.53,shallow_breaker,0.0173,0.0316,2026-09-29 17:42:43,2026-09-29
Hexagon B,30,98.14,92.24,-6.01,118,14.0,2026-09-15,93.09,stable,-1.6,-2.33,-10.61,2.45,20.9,7.0,14.5,27,12,4,44.99,shallow_breaker,0.0577,0.0577,2026-09-29 17:42:45,2026-09-29
Hexagon B,90,98.14,78.22,-20.3,64,183.0,2026-03-30,96.25,stable,-2.14,-2.69,-10.61,2.54,36.2,7.0,26.7,14,9,0,58.16,predictable_cycles,0.0467,0.0562,2026-09-29 17:42:47,2026-09-29
Hexagon B,180,98.14,74.73,-23.85,58,183.0,2026-03-30,96.6,stable,-1.95,-2.48,-10.61,2.4,40.0,7.0,29.4,12,9,0,58.73,shallow_breaker,0.0383,0.051,2026-09-29 17:42:49,2026-09-29
Hexagon B,270,98.14,74.58,-24.01,41,183.0,2026-03-30,97.6,stable,-2.19,-2.53,-10.61,2.48,57.0,7.0,41.6,9,8,0,59.7,predictable_cycles,0.019,0.036,2026-09-29 17:42:51,2026-09-29
Hexagon B,365,98.14,74.58,-24.01,37,183.0,2026-03-30,97.83,stable,-1.38,-2.43,-10.61,2.62,63.3,7.0,46.1,9,8,0,59.81,shallow_breaker,0.0154,0.0308,2026-09-29 17:42:53,2026-09-29
Holmen B,30,326.0,310.0,-4.91,123,11.0,2026-09-18,92.79,stable,-1.1,-1.65,-10.22,1.72,20.1,7.0,13.9,28,21,1,46.1,shallow_breaker,0.0558,0.0558,2026-09-29 17:42:55,2026-09-29
Holmen B,90,326.0,293.8,-9.88,68,90.0,2026-07-01,96.02,stable,-0.8,-1.53,-10.22,1.91,35.4,7.0,25.1,19,16,0,52.87,shallow_breaker,0.0507,0.0598,2026-09-29 17:42:57,2026-09-29
Holmen B,180,326.0,293.8,-9.88,38,90.0,2026-07-01,97.77,stable,-1.24,-1.9,-10.22,2.19,64.1,7.0,44.9,13,5,0,54.2,shallow_breaker,0.0125,0.0251,2026-09-29 17:42:59,2026-09-29
Holmen B,270,326.0,293.8,-9.88,35,90.0,2026-07-01,97.95,stable,-1.19,-1.88,-10.22,2.25,69.7,6.0,48.8,12,5,0,54.39,shallow_breaker,0.0101,0.0202,2026-09-29 17:43:01,2026-09-29
Holmen B,365,326.0,293.8,-9.88,32,90.0,2026-07-01,98.13,stable,-1.22,-1.99,-10.22,2.32,76.5,4.0,53.3,10,5,0,54.62,shallow_breaker,0.008,0.016,2026-09-29 17:43:03,2026-09-29
Husqvarna B,30,34.75,33.96,-2.27,160,5.0,2026-09-24,90.63,stable,-1.47,-2.42,-12.1,2.35,15.3,7.0,10.7,20,23,6,43.56,shallow_breaker,0.0622,0.0622,2026-09-29 17:43:05,2026-09-29
Husqvarna B,90,34.75,33.96,-2.27,112,5.0,2026-09-24,93.44,stable,-1.67,-2.47,-12.1,2.4,21.9,7.0,15.2,13,23,4,44.63,shallow_breaker,0.0403,0.0403,2026-09-29 17:43:08,2026-09-29
Husqvarna B,180,34.75,33.96,-2.27,89,5.0,2026-09-24,94.79,stable,-1.98,-2.62,-12.1,2.47,27.7,5.0,19.2,10,23,2,45.15,shallow_breaker,0.0308,0.0308,2026-09-29 17:43:10,2026-09-29
Husqvarna B,270,34.75,33.96,-2.27,77,5.0,2026-09-24,95.49,stable,-2.33,-2.74,-12.1,2.53,32.1,3.0,22.2,8,23,1,45.45,predictable_cycles,0.0244,0.0261,2026-09-29 17:43:12,2026-09-29
Husqvarna B,365,34.75,33.96,-2.27,74,5.0,2026-09-24,95.66,stable,-1.91,-2.57,-12.1,2.47,33.4,3.0,23.1,7,23,1,45.69,shallow_breaker,0.0224,0.0249,2026-09-29 17:43:14,2026-09-29
Industrivärden C,30,536.6,513.4,-4.32,86,134.0,2026-05-18,94.96,stable,-1.39,-2.13,-12.56,2.4,27.4,7.0,19.8,28,12,0,54.23,shallow_breaker,0.0756,0.0756,2026-09-29 17:43:16,2026-09-29
Industrivärden C,90,536.6,509.0,-5.14,35,538.0,2025-04-09,97.95,stable,-1.8,-2.8,-11.51,2.75,56.6,7.0,48.8,11,12,0,72.23,shallow_breaker,0.0163,0.0308,2026-09-29 17:43:18,2026-09-29
Industrivärden C,180,536.6,460.5,-14.18,26,538.0,2025-04-09,98.48,stable,-1.68,-3.0,-11.51,3.02,76.9,7.0,65.7,7,12,0,72.99,shallow_breaker,0.0089,0.0178,2026-09-29 17:43:20,2026-09-29
Industrivärden C,270,536.6,410.8,-23.44,21,538.0,2025-04-09,98.77,stable,-1.53,-2.97,-11.51,3.27,96.2,7.0,81.3,6,12,0,73.66,shallow_breaker,0.0058,0.0115,2026-09-29 17:43:22,2026-09-29
Industrivärden C,365,536.6,369.8,-31.08,19,538.0,2025-04-09,98.89,stable,-1.56,-3.23,-11.51,3.33,106.8,5.0,89.8,4,12,0,74.16,shallow_breaker,0.0047,0.0094,2026-09-29 17:43:24,2026-09-29
Investor B,30,407.6,392.0,-3.83,80,14.0,2026-09-15,95.31,stable,-1.27,-2.17,-10.26,2.13,30.9,7.0,21.3,24,8,4,46.76,shallow_breaker,0.033,0.034,2026-09-29 17:43:26,2026-09-29
Investor B,90,407.6,387.4,-4.96,32,538.0,2025-04-09,98.13,stable,-2.01,-2.63,-10.26,2.51,61.9,7.0,53.3,12,7,0,73.07,predictable_cycles,0.0136,0.0273,2026-09-29 17:43:28,2026-09-29
Investor B,180,407.6,353.95,-13.16,22,538.0,2025-04-09,98.71,stable,-1.97,-2.79,-10.26,2.63,91.3,7.0,77.6,8,7,0,74.67,shallow_breaker,0.0063,0.0127,2026-09-29 17:43:30,2026-09-29
Investor B,270,407.6,325.35,-20.18,18,538.0,2025-04-09,98.95,stable,-2.13,-2.89,-10.26,2.73,112.8,7.0,94.8,7,7,0,75.73,predictable_cycles,0.0042,0.0084,2026-09-29 17:43:32,2026-09-29
Investor B,365,407.6,289.5,-28.97,16,538.0,2025-04-09,99.06,stable,-2.13,-2.79,-10.26,2.69,127.9,7.0,106.7,6,7,0,76.64,predictable_cycles,0.0033,0.0066,2026-09-29 17:43:34,2026-09-29
JM,30,120.1,118.1,-1.67,128,6.0,2026-09-23,92.5,stable,-1.51,-2.88,-20.52,3.42,19.3,7.0,13.3,30,19,3,42.23,shallow_breaker,0.0492,0.0492,2026-09-29 17:43:36,2026-09-29
JM,90,120.1,116.1,-3.33,85,190.0,2026-03-23,95.02,stable,-1.34,-2.88,-20.52,3.55,27.0,7.0,20.1,14,19,0,55.79,shallow_breaker,0.0747,0.0747,2026-09-29 17:43:38,2026-09-29
JM,180,120.1,111.3,-7.33,73,190.0,2026-03-23,95.72,stable,-1.47,-2.84,-20.52,3.43,31.5,7.0,23.4,12,19,0,56.48,shallow_breaker,0.0611,0.0641,2026-09-29 17:43:40,2026-09-29
JM,270,120.1,107.3,-10.66,70,190.0,2026-03-23,95.9,stable,-1.42,-2.82,-20.52,3.44,32.8,6.0,24.4,11,18,0,56.57,shallow_breaker,0.0562,0.0615,2026-09-29 17:43:42,2026-09-29
JM,365,120.1,107.3,-10.66,65,190.0,2026-03-23,96.19,stable,-1.47,-2.88,-20.52,3.53,35.4,5.0,26.3,11,18,0,56.61,shallow_breaker,0.0484,0.0571,2026-09-29 17:43:44,2026-09-29
Kinnevik B,30,61.02,58.64,-3.9,134,70.0,2026-07-21,92.15,stable,-2.12,-3.06,-16.63,3.17,17.9,7.0,12.7,24,19,0,46.96,predictable_cycles,0.1178,0.1178,2026-09-29 17:43:46,2026-09-29
Kinnevik B,90,61.02,49.01,-19.68,92,70.0,2026-07-21,94.61,stable,-2.05,-3.15,-16.63,3.39,26.2,7.0,18.6,16,18,0,47.67,predictable_cycles,0.0808,0.0808,2026-09-29 17:43:48,2026-09-29
Kinnevik B,180,61.02,49.01,-19.68,76,190.0,2026-03-23,95.55,stable,-2.2,-3.41,-16.63,3.55,30.2,7.0,22.5,11,18,0,56.12,predictable_cycles,0.0663,0.0668,2026-09-29 17:43:50,2026-09-29
Kinnevik B,270,61.02,46.78,-23.34,69,190.0,2026-03-23,95.96,stable,-2.08,-3.31,-16.63,3.69,33.3,7.0,24.7,11,17,0,56.12,predictable_cycles,0.0546,0.0606,2026-09-29 17:43:52,2026-09-29
Kinnevik B,365,61.02,46.78,-23.34,56,190.0,2026-03-23,96.72,stable,-2.36,-3.63,-16.63,3.88,41.2,7.0,30.5,11,16,0,56.35,predictable_cycles,0.0358,0.0492,2026-09-29 17:43:54,2026-09-29
"Latour, Investmentab B",30,202.6,199.1,-1.73,123,41.0,2026-08-19,92.79,stable,-1.32,-2.31,-13.35,2.5,19.8,7.0,13.9,29,13,0,46.59,shallow_breaker,0.1081,0.1081,2026-09-29 17:43:56,2026-09-29
"Latour, Investmentab B",90,202.6,185.5,-8.44,62,41.0,2026-08-19,96.37,stable,-1.33,-2.44,-12.54,2.51,39.6,7.0,27.5,18,11,0,48.58,shallow_breaker,0.028,0.037,2026-09-29 17:43:58,2026-09-29
"Latour, Investmentab B",180,202.6,185.5,-8.44,48,190.0,2026-03-23,97.19,stable,-1.46,-2.59,-12.54,2.64,48.2,7.0,35.6,13,11,0,59.33,shallow_breaker,0.0262,0.0422,2026-09-29 17:44:00,2026-09-29
"Latour, Investmentab B",270,202.6,184.55,-8.91,46,190.0,2026-03-23,97.31,stable,-1.39,-2.53,-12.54,2.69,50.4,5.0,37.1,12,11,0,59.36,shallow_breaker,0.0241,0.0404,2026-09-29 17:44:02,2026-09-29
"Latour, Investmentab B",365,202.6,184.55,-8.91,39,190.0,2026-03-23,97.72,stable,-1.42,-2.65,-12.54,2.75,59.6,3.0,43.8,9,11,0,59.82,shallow_breaker,0.0172,0.0343,2026-09-29 17:44:04,2026-09-29
Lifco B,30,316.2,297.0,-6.07,81,14.0,2026-09-15,87.65,stable,-1.61,-2.39,-13.18,2.64,25.8,7.0,8.1,22,14,4,42.53,shallow_breaker,0.0952,0.0952,2026-09-29 17:44:05,2026-09-29
Lifco B,90,316.2,297.0,-6.07,42,14.0,2026-09-15,93.6,stable,-1.62,-2.39,-11.68,2.5,50.4,7.0,15.6,12,9,1,45.11,shallow_breaker,0.0244,0.0409,2026-09-29 17:44:06,2026-09-29
Lifco B,180,316.2,273.6,-13.47,25,190.0,2026-03-23,96.19,stable,-2.02,-2.76,-9.23,2.35,78.8,7.0,26.2,8,6,0,58.96,predictable_cycles,0.0218,0.0436,2026-09-29 17:44:07,2026-09-29
Lifco B,270,316.2,268.2,-15.18,18,190.0,2026-03-23,97.26,stable,-2.33,-2.84,-9.23,2.64,111.2,7.0,36.4,6,6,0,59.41,predictable_cycles,0.01,0.0201,2026-09-29 17:44:08,2026-09-29
Lifco B,365,316.2,268.2,-15.18,14,190.0,2026-03-23,97.87,stable,-2.6,-2.81,-9.23,2.3,145.4,7.0,46.9,5,6,0,60.99,predictable_cycles,0.0051,0.0102,2026-09-29 17:44:08,2026-09-29
Lundin Mining Corporation,30,241.7,221.8,-8.23,87,14.0,2026-09-15,94.9,stable,-3.17,-4.11,-13.76,3.08,28.5,7.0,19.6,21,15,3,44.62,predictable_cycles,0.038,0.038,2026-09-29 17:44:10,2026-09-29
Lundin Mining Corporation,90,241.7,215.9,-10.67,56,83.0,2026-07-08,96.72,stable,-3.28,-4.16,-13.76,3.18,43.2,7.0,30.5,12,15,0,50.42,predictable_cycles,0.0332,0.0479,2026-09-29 17:44:12,2026-09-29
Lundin Mining Corporation,180,241.7,215.9,-10.67,35,540.0,2025-04-07,97.95,stable,-3.13,-4.19,-12.15,3.09,56.5,7.0,48.8,5,15,0,71.55,predictable_cycles,0.0163,0.0308,2026-09-29 17:44:14,2026-09-29
Lundin Mining Corporation,270,241.7,191.5,-20.77,28,540.0,2025-04-07,98.36,stable,-3.15,-4.37,-12.15,3.2,71.1,7.0,61.0,4,15,0,72.27,predictable_cycles,0.0104,0.0207,2026-09-29 17:44:16,2026-09-29
Lundin Mining Corporation,365,241.7,134.6,-44.31,25,540.0,2025-04-07,98.54,stable,-3.01,-4.14,-12.15,3.43,80.0,4.0,68.3,3,15,0,72.39,predictable_cycles,0.0082,0.0165,2026-09-29 17:44:18,2026-09-29
Modern Times Group MTG B,30,125.3,123.7,-1.28,148,1.0,2026-09-28,91.33,stable,-1.44,-2.42,-16.03,2.68,16.7,5.0,11.5,28,28,3,42.9,shallow_breaker,0.0459,0.0459,2026-09-29 17:44:20,2026-09-29
Modern Times Group MTG B,90,125.3,117.1,-6.54,80,190.0,2026-03-23,95.31,stable,-1.46,-2.49,-16.03,2.64,28.7,6.0,21.3,15,19,0,57.79,shallow_breaker,0.0703,0.0703,2026-09-29 17:44:22,2026-09-29
Modern Times Group MTG B,180,125.3,91.15,-27.25,43,190.0,2026-03-23,97.48,stable,-1.81,-2.88,-16.03,2.96,54.1,5.0,39.7,10,10,0,59.06,shallow_breaker,0.021,0.0378,2026-09-29 17:44:24,2026-09-29
Modern Times Group MTG B,270,125.3,82.9,-33.84,33,190.0,2026-03-23,98.07,stable,-2.62,-3.27,-16.03,3.19,71.0,4.5,51.7,6,10,0,59.6,predictable_cycles,0.0123,0.0245,2026-09-29 17:44:26,2026-09-29
Modern Times Group MTG B,365,125.3,82.9,-33.84,33,190.0,2026-03-23,98.07,stable,-1.95,-3.16,-16.03,3.2,71.0,4.5,51.7,6,10,0,59.57,shallow_breaker,0.0123,0.0245,2026-09-29 17:44:28,2026-09-29
NCC B,30,181.6,173.5,-4.46,93,14.0,2026-09-15,94.55,stable,-2.02,-2.95,-14.68,2.84,26.6,7.0,18.4,28,11,1,44.9,predictable_cycles,0.0416,0.0416,2026-09-29 17:44:30,2026-09-29
NCC B,90,181.6,167.5,-7.76,58,74.0,2026-07-17,96.6,stable,-1.59,-2.71,-14.68,3.12,41.9,7.0,29.4,17,8,0,49.82,shallow_breaker,0.0337,0.047,2026-09-29 17:44:32,2026-09-29
NCC B,180,181.6,167.5,-7.76,39,74.0,2026-07-17,97.72,stable,-2.02,-3.16,-14.68,3.5,62.8,7.0,43.8,11,8,0,50.39,predictable_cycles,0.0119,0.0238,2026-09-29 17:44:35,2026-09-29
NCC B,270,181.6,167.5,-7.76,30,74.0,2026-07-17,98.24,stable,-2.39,-3.65,-14.68,3.81,82.3,7.0,56.9,9,7,0,50.82,predictable_cycles,0.0061,0.0122,2026-09-29 17:44:37,2026-09-29
NCC B,365,181.6,167.5,-7.76,25,74.0,2026-07-17,98.54,stable,-3.17,-4.17,-14.68,3.95,99.5,7.0,68.3,8,7,0,51.4,predictable_cycles,0.0039,0.0077,2026-09-29 17:44:39,2026-09-29
NIBE Industrier B,30,45.17,41.57,-7.97,130,82.0,2026-07-09,92.38,weakening,-1.76,-3.08,-15.63,3.44,18.0,7.0,13.1,22,17,0,47.34,shallow_breaker,0.1142,0.1142,2026-09-29 17:44:41,2026-09-29
NIBE Industrier B,90,45.17,33.76,-25.26,79,82.0,2026-07-09,95.37,weakening,-1.63,-3.15,-15.44,3.5,29.8,7.0,21.6,15,15,0,48.71,shallow_breaker,0.0694,0.0694,2026-09-29 17:44:43,2026-09-29
NIBE Industrier B,180,45.17,33.76,-25.26,53,312.0,2025-11-21,96.9,stable,-2.43,-3.5,-15.44,3.48,40.3,7.0,32.2,10,10,0,65.68,predictable_cycles,0.0347,0.0466,2026-09-29 17:44:45,2026-09-29
NIBE Industrier B,270,45.17,31.93,-29.31,42,540.0,2025-04-07,97.54,stable,-2.32,-3.61,-15.44,3.68,45.5,7.0,40.6,9,10,0,69.68,predictable_cycles,0.0243,0.0369,2026-09-29 17:44:47,2026-09-29
NIBE Industrier B,365,45.17,31.21,-30.91,40,540.0,2025-04-07,97.66,stable,-2.32,-3.31,-14.75,3.18,47.9,7.0,42.7,8,10,0,70.86,predictable_cycles,0.022,0.0351,2026-09-29 17:44:49,2026-09-29
NOBA Bank Group,30,87.3,85.4,-2.18,27,111.0,2026-06-10,89.29,improving,-1.49,-1.84,-4.65,1.38,5.4,2.0,9.3,2,20,0,52.26,shallow_breaker,0.1607,0.1607,2026-09-29 17:44:49,2026-09-29
NOBA Bank Group,90,87.3,75.9,-13.06,15,111.0,2026-06-10,94.05,improving,-1.37,-1.76,-4.65,1.43,8.4,3.0,16.8,2,12,0,54.11,shallow_breaker,0.0893,0.0893,2026-09-29 17:44:49,2026-09-29
NOBA Bank Group,180,87.3,74.2,-15.01,6,111.0,2026-06-10,97.62,stable,-1.8,-1.86,-3.35,1.25,16.6,9.0,42.0,2,3,0,57.26,shallow_breaker,0.0357,0.0357,2026-09-29 17:44:50,2026-09-29
NOBA Bank Group,270,87.3,74.2,-15.01,6,111.0,2026-06-10,97.62,stable,-1.8,-1.86,-3.35,1.25,16.6,9.0,42.0,2,3,0,57.26,shallow_breaker,0.0357,0.0357,2026-09-29 17:44:50,2026-09-29
NOBA Bank Group,365,87.3,74.2,-15.01,6,111.0,2026-06-10,97.62,stable,-1.8,-1.86,-3.35,1.25,16.6,9.0,42.0,2,3,0,57.26,shallow_breaker,0.0357,0.0357,2026-09-29 17:44:50,2026-09-29
New Wave Group B,30,89.75,84.7,-5.63,122,14.0,2026-09-15,92.85,stable,-1.57,-3.05,-21.67,3.77,20.2,7.0,14.0,22,25,3,42.24,shallow_breaker,0.0605,0.0605,2026-09-29 17:44:52,2026-09-29
New Wave Group B,90,89.75,84.7,-5.63,70,14.0,2026-09-15,95.9,stable,-1.76,-3.09,-21.67,3.98,35.5,4.0,24.4,13,25,3,43.44,shallow_breaker,0.0242,0.0286,2026-09-29 17:44:54,2026-09-29
New Wave Group B,180,89.75,84.7,-5.63,50,14.0,2026-09-15,97.07,stable,-1.92,-3.25,-21.67,4.32,49.9,3.0,34.1,8,25,1,43.78,shallow_breaker,0.0113,0.0188,2026-09-29 17:44:56,2026-09-29
New Wave Group B,270,89.75,84.7,-5.63,45,14.0,2026-09-15,97.36,stable,-1.82,-3.11,-21.67,4.07,55.6,3.0,37.9,6,25,1,44.62,shallow_breaker,0.0089,0.0165,2026-09-29 17:44:58,2026-09-29
New Wave Group B,365,89.75,84.7,-5.63,30,14.0,2026-09-15,98.24,stable,-1.78,-3.53,-21.67,4.61,84.4,2.0,56.9,4,25,1,45.12,shallow_breaker,0.0036,0.0073,2026-09-29 17:45:00,2026-09-29
Nokia Corporation,30,103.9,91.7,-11.74,32,61.0,2026-07-30,91.98,stable,-1.99,-2.85,-8.69,2.44,16.8,3.0,12.5,5,12,0,47.75,shallow_breaker,0.1203,0.1203,2026-09-29 17:45:01,2026-09-29
Nokia Corporation,90,103.9,81.46,-21.6,20,61.0,2026-07-30,94.99,stable,-1.82,-2.53,-8.69,2.42,27.4,2.0,19.9,4,8,0,49.2,shallow_breaker,0.0752,0.0752,2026-09-29 17:45:01,2026-09-29
Nokia Corporation,180,103.9,76.16,-26.7,13,424.0,2025-08-01,96.74,improving,-1.53,-2.32,-7.19,2.4,13.1,2.5,30.7,2,7,0,71.32,shallow_breaker,0.0489,0.0489,2026-09-29 17:45:02,2026-09-29
Nokia Corporation,270,103.9,54.26,-47.78,13,424.0,2025-08-01,96.74,improving,-1.53,-2.32,-7.19,2.4,13.1,2.5,30.7,2,7,0,71.32,shallow_breaker,0.0489,0.0489,2026-09-29 17:45:02,2026-09-29
Nokia Corporation,365,103.9,43.62,-58.02,13,424.0,2025-08-01,96.74,improving,-1.53,-2.32,-7.19,2.4,13.1,2.5,30.7,2,7,0,71.32,shallow_breaker,0.0489,0.0489,2026-09-29 17:45:03,2026-09-29
Nordea Bank,30,199.85,193.95,-2.95,73,139.0,2026-05-13,95.68,stable,-1.6,-2.46,-13.08,2.75,32.2,7.0,23.2,22,10,0,54.32,shallow_breaker,0.0604,0.0648,2026-09-29 17:45:05,2026-09-29
Nordea Bank,90,199.85,180.55,-9.66,34,187.0,2026-03-26,97.99,stable,-1.38,-2.95,-13.08,3.35,68.8,7.0,49.7,13,9,0,58.91,shallow_breaker,0.0132,0.0263,2026-09-29 17:45:07,2026-09-29
Nordea Bank,180,199.85,163.65,-18.11,17,540.0,2025-04-07,98.99,stable,-3.0,-4.15,-13.08,4.07,119.8,3.5,99.4,5,9,0,73.37,predictable_cycles,0.0038,0.0076,2026-09-29 17:45:09,2026-09-29
Nordea Bank,270,199.85,153.85,-23.02,15,540.0,2025-04-07,99.11,stable,-2.03,-3.86,-13.08,3.95,136.9,3.5,112.7,5,9,0,74.55,predictable_cycles,0.0029,0.0058,2026-09-29 17:45:11,2026-09-29
Nordea Bank,365,199.85,150.7,-24.59,14,540.0,2025-04-07,99.17,stable,-1.62,-3.62,-13.08,4.07,147.4,3.0,120.7,4,9,0,74.89,shallow_breaker,0.0025,0.0051,2026-09-29 17:45:13,2026-09-29
Nordnet,30,338.6,325.2,-3.96,69,11.0,2026-09-18,91.74,stable,-1.54,-2.71,-9.8,2.6,29.6,7.0,12.1,25,10,7,43.9,shallow_breaker,0.0567,0.0567,2026-09-29 17:45:14,2026-09-29
Nordnet,90,338.6,325.2,-3.96,21,11.0,2026-09-18,97.49,stable,-2.98,-3.72,-7.82,2.47,97.8,42.0,39.8,12,3,2,47.79,predictable_cycles,0.0043,0.0086,2026-09-29 17:45:15,2026-09-29
Nordnet,180,338.6,298.0,-11.99,8,540.0,2025-04-07,99.04,stable,-3.08,-3.75,-7.34,2.1,162.0,84.0,104.4,5,2,0,77.65,stable,0.0027,0.0053,2026-09-29 17:45:15,2026-09-29
Nordnet,270,338.6,261.4,-22.8,5,1450.0,2022-10-10,99.4,stable,-2.86,-3.68,-6.71,2.33,54.2,45.5,167.0,3,2,0,81.6,stable,0.005,0.009,2026-09-29 17:45:16,2026-09-29
Nordnet,365,338.6,257.6,-23.92,5,1450.0,2022-10-10,99.4,stable,-2.86,-3.68,-6.71,2.33,54.2,45.5,167.0,3,2,0,81.6,stable,0.005,0.009,2026-09-29 17:45:17,2026-09-29
OMXS30,30,3280.14,,,0,,,100.0,stable,,,,0.0,,,240.0,0,0,0,91.44,never_breaks,0.0,0.0,2026-09-29 17:45:18,2026-09-29
OMXS30,90,3280.14,,,0,,,100.0,stable,,,,0.0,,,240.0,0,0,0,91.44,never_breaks,0.0,0.0,2026-09-29 17:45:18,2026-09-29
OMXS30,180,3280.14,,,0,,,100.0,stable,,,,0.0,,,240.0,0,0,0,91.44,never_breaks,0.0,0.0,2026-09-29 17:45:18,2026-09-29
OMXS30,270,3280.14,,,0,,,100.0,stable,,,,0.0,,,240.0,0,0,0,91.44,never_breaks,0.0,0.0,2026-09-29 17:45:19,2026-09-29
OMXS30,365,3280.14,,,0,,,100.0,stable,,,,0.0,,,240.0,0,0,0,91.44,never_breaks,0.0,0.0,2026-09-29 17:45:19,2026-09-29
SAAB B,30,614.9,566.4,-7.89,114,21.0,2026-09-08,93.32,stable,-1.72,-2.38,-11.95,2.32,21.4,7.0,15.0,29,23,4,45.83,shallow_breaker,0.0662,0.0662,2026-09-29 17:45:21,2026-09-29
SAAB B,90,614.9,507.7,-17.43,63,134.0,2026-05-18,96.31,stable,-2.05,-2.62,-10.87,2.33,37.1,3.5,27.1,16,23,0,55.26,predictable_cycles,0.0448,0.0554,2026-09-29 17:45:23,2026-09-29
SAAB B,180,614.9,475.9,-22.61,29,722.0,2024-10-07,98.3,stable,-2.15,-2.71,-10.87,2.55,61.1,3.0,58.9,6,23,0,73.42,predictable_cycles,0.0125,0.025,2026-09-29 17:45:25,2026-09-29
SAAB B,270,614.9,475.9,-22.61,25,1681.0,2022-02-21,98.54,stable,-2.15,-2.89,-10.87,2.67,31.4,2.0,68.3,3,23,0,73.89,predictable_cycles,0.021,0.022,2026-09-29 17:45:27,2026-09-29
SAAB B,365,614.9,445.1,-27.61,25,1681.0,2022-02-21,98.54,stable,-2.04,-2.82,-10.87,2.67,31.4,2.0,68.3,3,23,0,73.89,predictable_cycles,0.021,0.022,2026-09-29 17:45:29,2026-09-29
SKF B,30,273.0,260.8,-4.47,109,134.0,2026-05-18,93.61,stable,-1.42,-2.29,-9.93,2.24,21.5,7.0,15.7,22,24,0,53.85,shallow_breaker,0.0958,0.0958,2026-09-29 17:45:31,2026-09-29
SKF B,90,273.0,244.9,-10.29,69,190.0,2026-03-23,95.96,stable,-1.52,-2.44,-9.93,2.37,33.4,7.0,24.7,11,24,0,58.75,shallow_breaker,0.0545,0.0606,2026-09-29 17:45:33,2026-09-29
SKF B,180,273.0,221.2,-18.97,51,190.0,2026-03-23,97.01,stable,-1.26,-2.54,-9.93,2.56,45.4,3.5,33.5,8,24,0,59.28,shallow_breaker,0.0296,0.0448,2026-09-29 17:45:35,2026-09-29
SKF B,270,273.0,204.8,-24.98,39,190.0,2026-03-23,97.72,stable,-1.52,-2.68,-9.93,2.73,59.8,4.0,43.8,8,24,0,59.86,shallow_breaker,0.0172,0.0343,2026-09-29 17:45:37,2026-09-29
SKF B,365,273.0,204.8,-24.98,32,540.0,2025-04-07,98.13,stable,-1.53,-2.88,-9.93,2.94,62.0,3.0,53.3,4,24,0,72.22,shallow_breaker,0.0136,0.0272,2026-09-29 17:45:39,2026-09-29
SSAB A,30,102.35,97.94,-4.31,104,89.0,2026-07-02,93.85,stable,-2.05,-2.9,-15.29,2.77,23.0,7.0,16.2,24,10,0,49.82,predictable_cycles,0.0923,0.0923,2026-09-29 17:45:41,2026-09-29
SSAB A,90,102.35,86.98,-15.02,60,190.0,2026-03-23,96.45,stable,-1.8,-2.69,-15.29,2.74,38.5,7.0,28.2,11,9,0,58.41,shallow_breaker,0.0415,0.0533,2026-09-29 17:45:43,2026-09-29
SSAB A,180,102.35,73.92,-27.78,41,624.0,2025-01-13,97.57,stable,-1.85,-2.83,-15.29,2.74,45.9,7.0,41.2,6,9,0,71.61,shallow_breaker,0.0238,0.0364,2026-09-29 17:45:45,2026-09-29
SSAB A,270,102.35,65.14,-36.36,28,624.0,2025-01-13,98.34,stable,-2.1,-3.09,-15.29,3.17,68.0,4.0,60.4,5,9,0,72.29,predictable_cycles,0.011,0.0219,2026-09-29 17:45:47,2026-09-29
SSAB A,365,102.35,55.28,-45.99,26,624.0,2025-01-13,98.46,stable,-1.8,-3.08,-15.29,3.29,73.5,4.0,65.0,4,9,0,72.42,shallow_breaker,0.0094,0.0188,2026-09-29 17:45:49,2026-09-29
SSAB B,30,102.7,98.4,-4.19,78,89.0,2026-07-02,89.36,improving,-1.93,-3.1,-23.47,3.55,24.4,7.0,9.4,22,11,0,46.44,shallow_breaker,0.1596,0.1596,2026-09-29 17:45:50,2026-09-29
SSAB B,90,102.7,86.56,-15.72,35,190.0,2026-03-23,95.23,improving,-2.19,-3.57,-22.25,3.89,51.3,7.0,20.9,9,10,0,55.24,predictable_cycles,0.0419,0.0716,2026-09-29 17:45:51,2026-09-29
SSAB B,180,102.7,73.76,-28.18,25,427.0,2025-07-29,96.59,improving,-1.94,-2.65,-11.11,2.46,47.3,7.0,29.3,5,10,0,71.06,shallow_breaker,0.0325,0.0512,2026-09-29 17:45:52,2026-09-29
SSAB B,270,102.7,64.8,-36.9,10,427.0,2025-07-29,98.64,stable,-3.59,-2.99,-7.49,2.34,72.4,21.0,73.3,4,4,0,74.94,predictable_cycles,0.0085,0.0169,2026-09-29 17:45:52,2026-09-29
SSAB B,365,102.7,53.48,-47.93,8,427.0,2025-07-29,98.91,stable,-1.89,-2.73,-7.49,2.57,52.1,21.0,91.6,3,4,0,75.82,shallow_breaker,0.0094,0.0164,2026-09-29 17:45:53,2026-09-29
Sagax B,30,158.6,155.7,-1.83,136,4.0,2026-09-25,92.03,stable,-1.63,-2.68,-16.39,2.97,18.2,7.0,12.6,24,22,3,42.8,shallow_breaker,0.0486,0.0486,2026-09-29 17:45:55,2026-09-29
Sagax B,90,158.6,152.0,-4.16,75,97.0,2026-06-24,95.61,stable,-1.53,-2.6,-14.29,2.87,31.9,7.0,22.8,15,14,0,51.14,shallow_breaker,0.0619,0.0659,2026-09-29 17:45:57,2026-09-29
Sagax B,180,158.6,143.7,-9.39,68,97.0,2026-06-24,96.02,stable,-1.55,-2.67,-14.29,2.96,35.3,7.0,25.1,12,13,0,51.24,shallow_breaker,0.0508,0.0598,2026-09-29 17:45:59,2026-09-29
Sagax B,270,158.6,143.7,-9.39,60,97.0,2026-06-24,96.49,stable,-1.51,-2.65,-14.29,3.05,40.1,5.0,28.4,11,12,0,51.43,shallow_breaker,0.0395,0.0527,2026-09-29 17:46:01,2026-09-29
Sagax B,365,158.6,143.7,-9.39,51,97.0,2026-06-24,97.01,stable,-1.5,-2.49,-14.29,2.88,47.3,4.0,33.5,9,10,0,52.28,shallow_breaker,0.0284,0.0448,2026-09-29 17:46:03,2026-09-29
SBB Norden B,30,2.76,2.73,-1.05,126,6.0,2026-09-23,84.91,stable,-2.67,-4.97,-44.12,6.64,16.4,7.0,6.6,18,19,8,33.06,predictable_cycles,0.1031,0.1031,2026-09-29 17:46:04,2026-09-29
SBB Norden B,90,2.76,2.73,-1.05,81,6.0,2026-09-23,90.3,stable,-2.89,-5.32,-44.12,7.38,25.5,7.0,10.3,14,16,4,33.44,predictable_cycles,0.0599,0.0599,2026-09-29 17:46:05,2026-09-29
SBB Norden B,180,2.76,2.73,-1.05,56,6.0,2026-09-23,93.29,stable,-3.23,-5.93,-44.12,7.98,37.1,7.0,14.9,12,16,2,33.46,predictable_cycles,0.0315,0.039,2026-09-29 17:46:06,2026-09-29
SBB Norden B,270,2.76,2.73,-1.05,42,6.0,2026-09-23,94.97,stable,-3.32,-6.47,-44.12,8.87,49.7,7.0,19.9,9,16,2,32.51,predictable_cycles,0.017,0.0282,2026-09-29 17:46:07,2026-09-29
SBB Norden B,365,2.76,2.73,-1.05,35,6.0,2026-09-23,95.81,stable,-3.46,-6.87,-44.12,9.58,60.0,7.0,23.9,9,12,2,31.63,predictable_cycles,0.0115,0.0231,2026-09-29 17:46:08,2026-09-29
Sandvik,30,379.5,362.0,-4.61,103,70.0,2026-07-21,93.97,stable,-1.68,-2.54,-11.19,2.43,23.4,7.0,16.6,24,18,0,49.26,shallow_breaker,0.0905,0.0905,2026-09-29 17:46:10,2026-09-29
Sandvik,90,379.5,334.9,-11.75,55,70.0,2026-07-21,96.78,stable,-1.56,-2.56,-11.19,2.61,44.3,7.0,31.0,14,18,0,50.74,shallow_breaker,0.0282,0.0416,2026-09-29 17:46:12,2026-09-29
Sandvik,180,379.5,334.9,-11.75,37,540.0,2025-04-07,97.83,stable,-2.32,-2.9,-9.59,2.56,53.4,7.0,46.1,11,18,0,72.38,predictable_cycles,0.0183,0.0325,2026-09-29 17:46:14,2026-09-29
Sandvik,270,379.5,298.7,-21.29,33,540.0,2025-04-07,98.07,stable,-2.32,-2.96,-9.59,2.65,60.0,5.5,51.7,9,18,0,72.66,predictable_cycles,0.0145,0.029,2026-09-29 17:46:16,2026-09-29
Sandvik,365,379.5,258.1,-31.99,30,540.0,2025-04-07,98.24,stable,-1.78,-2.9,-9.59,2.76,66.2,3.0,56.9,7,18,0,72.86,shallow_breaker,0.0119,0.0239,2026-09-29 17:46:18,2026-09-29
Securitas B,30,152.0,149.1,-1.91,133,41.0,2026-08-19,92.21,stable,-1.12,-1.7,-9.42,1.82,18.3,4.0,12.8,28,24,0,47.71,shallow_breaker,0.1169,0.1169,2026-09-29 17:46:20,2026-09-29
Securitas B,90,152.0,144.4,-5.0,60,41.0,2026-08-19,96.49,stable,-1.12,-1.98,-9.42,2.24,41.0,4.0,28.4,15,24,0,49.22,shallow_breaker,0.0257,0.0351,2026-09-29 17:46:22,2026-09-29
Securitas B,180,152.0,144.4,-5.0,37,1219.0,2023-05-29,97.83,stable,-1.88,-2.62,-9.42,2.43,34.5,3.0,46.1,6,24,0,72.64,shallow_breaker,0.0283,0.0325,2026-09-29 17:46:24,2026-09-29
Securitas B,270,152.0,142.3,-6.38,36,1478.0,2022-09-12,97.89,stable,-1.97,-2.65,-9.42,2.46,28.1,3.0,47.4,5,24,0,72.69,shallow_breaker,0.0316,0.0316,2026-09-29 17:46:26,2026-09-29
Securitas B,365,152.0,136.0,-10.53,36,1478.0,2022-09-12,97.89,stable,-1.97,-2.55,-9.42,2.39,28.1,3.0,47.4,5,24,0,72.83,shallow_breaker,0.0316,0.0316,2026-09-29 17:46:29,2026-09-29
Sinch,30,46.19,43.71,-5.37,115,103.0,2026-06-18,93.25,stable,-3.49,-5.11,-37.49,5.61,20.6,7.0,14.8,23,12,0,44.82,predictable_cycles,0.1012,0.1012,2026-09-29 17:46:30,2026-09-29
Sinch,90,46.19,33.74,-26.95,67,224.0,2026-02-17,96.07,stable,-3.61,-5.89,-37.49,6.61,33.8,7.0,25.4,16,8,0,52.68,predictable_cycles,0.0523,0.059,2026-09-29 17:46:32,2026-09-29
Sinch,180,46.19,22.29,-51.74,46,224.0,2026-02-17,97.3,stable,-4.02,-6.34,-37.49,7.22,49.6,7.0,37.0,12,6,0,52.63,predictable_cycles,0.0245,0.0405,2026-09-29 17:46:34,2026-09-29
Sinch,270,46.19,18.86,-59.16,42,224.0,2026-02-17,97.54,stable,-4.16,-6.49,-37.49,7.45,54.4,7.0,40.6,11,6,0,52.49,predictable_cycles,0.0204,0.037,2026-09-29 17:46:36,2026-09-29
Sinch,365,46.19,18.86,-59.16,31,540.0,2025-04-07,98.18,stable,-5.22,-7.21,-37.49,7.91,63.9,7.0,55.0,10,6,0,62.39,predictable_cycles,0.0128,0.0256,2026-09-29 17:46:38,2026-09-29
SEB A,30,235.4,221.9,-5.73,72,183.0,2026-03-30,95.78,stable,-1.51,-2.58,-14.11,2.89,31.3,7.0,23.7,23,11,0,57.12,shallow_breaker,0.0606,0.0633,2026-09-29 17:46:41,2026-09-29
SEB A,90,235.4,191.55,-18.63,35,183.0,2026-03-30,97.95,stable,-1.8,-3.11,-14.11,3.31,65.1,5.0,48.8,10,9,0,58.63,shallow_breaker,0.0142,0.0283,2026-09-29 17:46:43,2026-09-29
SEB A,180,235.4,174.7,-25.79,18,183.0,2026-03-30,98.95,stable,-2.23,-4.35,-14.11,3.97,130.3,3.0,94.8,4,8,0,60.77,predictable_cycles,0.0029,0.0058,2026-09-29 17:46:45,2026-09-29
SEB A,270,235.4,168.2,-28.55,13,540.0,2025-04-07,99.24,stable,-5.66,-4.97,-14.11,4.04,154.8,3.0,131.3,3,8,0,75.68,predictable_cycles,0.0022,0.0044,2026-09-29 17:46:47,2026-09-29
SEB A,365,235.4,168.2,-28.55,11,540.0,2025-04-07,99.36,stable,-5.13,-5.24,-14.11,4.11,185.8,2.0,155.2,3,8,0,77.21,predictable_cycles,0.0016,0.0031,2026-09-29 17:46:49,2026-09-29
Skanska B,30,281.3,259.2,-7.86,100,14.0,2026-09-15,94.14,stable,-1.49,-2.46,-12.61,2.46,24.2,7.0,17.1,27,10,2,45.44,shallow_breaker,0.0463,0.0463,2026-09-29 17:46:51,2026-09-29
Skanska B,90,281.3,244.7,-13.01,42,180.0,2026-04-02,97.54,stable,-2.93,-3.44,-12.61,2.68,54.3,7.0,40.6,14,7,0,59.02,predictable_cycles,0.0204,0.0369,2026-09-29 17:46:53,2026-09-29
Skanska B,180,281.3,233.0,-17.17,31,180.0,2026-04-02,98.18,stable,-3.41,-3.68,-12.61,2.97,74.2,7.0,55.1,11,7,0,59.62,predictable_cycles,0.011,0.022,2026-09-29 17:46:55,2026-09-29
Skanska B,270,281.3,233.0,-17.17,18,538.0,2025-04-09,98.95,stable,-4.34,-4.77,-12.61,3.0,109.8,7.0,94.8,6,7,0,75.18,predictable_cycles,0.0043,0.0086,2026-09-29 17:46:57,2026-09-29
Skanska B,365,281.3,233.0,-17.17,17,1464.0,2022-09-26,99.0,stable,-4.56,-4.84,-12.61,3.07,58.8,7.0,100.4,5,7,0,75.43,predictable_cycles,0.0076,0.0149,2026-09-29 17:46:59,2026-09-29
SCA B,30,122.2,113.15,-7.41,137,90.0,2026-07-01,91.97,stable,-1.1,-1.66,-10.34,1.77,17.4,7.0,12.5,26,15,0,51.07,shallow_breaker,0.1204,0.1204,2026-09-29 17:47:01,2026-09-29
SCA B,90,122.2,96.02,-21.42,74,90.0,2026-07-01,95.66,stable,-0.98,-1.68,-10.34,1.95,32.5,7.0,23.1,19,11,0,52.54,shallow_breaker,0.0601,0.065,2026-09-29 17:47:03,2026-09-29
SCA B,180,122.2,96.02,-21.42,58,90.0,2026-07-01,96.6,stable,-0.93,-1.45,-10.34,1.77,41.6,4.0,29.4,16,11,0,53.63,shallow_breaker,0.0368,0.051,2026-09-29 17:47:05,2026-09-29
SCA B,270,122.2,96.02,-21.42,45,90.0,2026-07-01,97.36,stable,-0.94,-1.6,-10.34,1.94,53.9,3.0,37.9,12,11,0,54.09,shallow_breaker,0.0196,0.0352,2026-09-29 17:47:07,2026-09-29
SCA B,365,122.2,96.02,-21.42,40,90.0,2026-07-01,97.66,stable,-0.93,-1.49,-10.34,1.99,60.8,3.0,42.7,10,11,0,54.39,shallow_breaker,0.0143,0.0287,2026-09-29 17:47:09,2026-09-29
Handelsbanken A,30,156.1,146.45,-6.18,87,76.0,2026-07-15,94.9,stable,-1.3,-2.51,-11.98,2.96,27.7,7.0,19.6,25,7,0,49.09,shallow_breaker,0.0764,0.0764,2026-09-29 17:47:11,2026-09-29
Handelsbanken A,90,156.1,135.0,-13.52,43,187.0,2026-03-26,97.48,stable,-1.44,-2.86,-11.4,3.28,54.0,4.0,39.7,13,7,0,58.21,shallow_breaker,0.021,0.0378,2026-09-29 17:47:13,2026-09-29
Handelsbanken A,180,156.1,124.55,-20.21,29,187.0,2026-03-26,98.3,stable,-1.41,-2.19,-11.4,2.45,81.0,5.5,58.9,10,7,0,61.44,shallow_breaker,0.0094,0.0189,2026-09-29 17:47:15,2026-09-29
Handelsbanken A,270,156.1,116.8,-25.18,20,540.0,2025-04-07,98.83,stable,-1.44,-2.38,-11.4,2.72,100.8,7.0,85.3,7,7,0,75.05,shallow_breaker,0.0052,0.0105,2026-09-29 17:47:17,2026-09-29
Handelsbanken A,365,156.1,116.8,-25.18,16,1541.0,2022-07-11,99.06,stable,-1.58,-2.53,-11.4,2.91,61.0,3.0,106.7,5,7,0,76.2,shallow_breaker,0.0069,0.0138,2026-09-29 17:47:19,2026-09-29
Swedbank A,30,412.8,375.7,-8.99,75,188.0,2026-03-25,95.61,stable,-1.47,-2.75,-12.41,2.99,30.7,7.0,22.8,23,9,0,57.14,shallow_breaker,0.0644,0.0659,2026-09-29 17:47:21,2026-09-29
Swedbank A,90,412.8,350.1,-15.19,34,188.0,2026-03-25,98.01,stable,-2.11,-3.26,-12.41,3.03,68.9,7.0,50.2,11,8,0,59.65,predictable_cycles,0.013,0.026,2026-09-29 17:47:23,2026-09-29
Swedbank A,180,412.8,311.5,-24.54,26,540.0,2025-04-07,98.48,stable,-1.53,-2.83,-12.41,3.12,76.8,7.0,65.7,7,8,0,72.8,shallow_breaker,0.0089,0.0178,2026-09-29 17:47:25,2026-09-29
Swedbank A,270,412.8,299.2,-27.52,21,540.0,2025-04-07,98.77,stable,-1.62,-2.74,-12.41,2.92,96.0,7.0,81.3,5,8,0,74.36,shallow_breaker,0.0058,0.0115,2026-09-29 17:47:27,2026-09-29
Swedbank A,365,412.8,279.2,-32.36,21,540.0,2025-04-07,98.77,stable,-1.62,-2.58,-12.41,2.77,96.0,7.0,81.3,5,8,0,74.66,shallow_breaker,0.0058,0.0115,2026-09-29 17:47:29,2026-09-29
Swedish Orphan Biovitrum,30,436.4,432.0,-1.01,98,18.0,2026-09-11,94.26,stable,-1.71,-2.47,-18.7,2.67,25.2,7.0,17.4,30,10,1,45.36,shallow_breaker,0.0492,0.0492,2026-09-29 17:47:31,2026-09-29
Swedish Orphan Biovitrum,90,436.4,432.0,-1.01,43,424.0,2025-08-01,97.48,stable,-2.12,-2.99,-18.7,3.26,48.5,7.0,39.7,13,9,0,70.44,predictable_cycles,0.0234,0.0378,2026-09-29 17:47:33,2026-09-29
Swedish Orphan Biovitrum,180,436.4,390.0,-10.63,30,538.0,2025-04-09,98.24,stable,-1.66,-2.57,-8.81,2.32,66.3,7.0,56.9,7,8,0,73.73,shallow_breaker,0.0119,0.0239,2026-09-29 17:47:35,2026-09-29
Swedish Orphan Biovitrum,270,436.4,322.0,-26.21,12,538.0,2025-04-09,99.3,stable,-3.57,-3.56,-8.81,2.75,174.8,11.0,142.2,6,4,0,79.02,predictable_cycles,0.0018,0.0036,2026-09-29 17:47:37,2026-09-29
Swedish Orphan Biovitrum,365,436.4,266.0,-39.05,9,538.0,2025-04-09,99.47,stable,-2.55,-3.23,-8.81,2.71,240.4,33.0,189.6,5,4,0,82.4,stable,0.001,0.002,2026-09-29 17:47:39,2026-09-29
TRATON,30,400.0,394.0,-1.5,124,5.0,2026-09-24,92.74,stable,-1.6,-2.36,-13.52,2.46,20.0,7.0,13.8,24,24,3,44.19,shallow_breaker,0.0454,0.0454,2026-09-29 17:47:41,2026-09-29
TRATON,90,400.0,363.0,-9.25,66,190.0,2026-03-23,96.13,stable,-1.87,-2.68,-13.52,2.88,34.9,7.0,25.9,12,24,0,57.87,shallow_breaker,0.0498,0.058,2026-09-29 17:47:43,2026-09-29
TRATON,180,400.0,331.8,-17.05,45,343.0,2025-10-21,97.36,stable,-2.22,-3.08,-13.52,3.16,48.1,5.5,37.9,9,24,0,68.99,predictable_cycles,0.0246,0.0395,2026-09-29 17:47:45,2026-09-29
TRATON,270,400.0,304.0,-24.0,41,536.0,2025-04-11,97.6,stable,-2.22,-3.07,-13.52,3.25,48.1,4.0,41.6,7,24,0,70.63,predictable_cycles,0.0225,0.036,2026-09-29 17:47:47,2026-09-29
TRATON,365,400.0,283.4,-29.15,38,536.0,2025-04-11,97.77,stable,-2.39,-3.26,-13.52,3.3,52.0,3.0,44.9,6,24,0,70.81,predictable_cycles,0.0193,0.0334,2026-09-29 17:47:49,2026-09-29
Tele2 B,30,164.95,164.1,-0.52,99,6.0,2026-09-23,94.2,stable,-1.29,-2.11,-11.99,2.42,24.5,7.0,17.2,26,18,1,45.02,shallow_breaker,0.0361,0.0361,2026-09-29 17:47:51,2026-09-29
Tele2 B,90,164.95,156.45,-5.15,55,70.0,2026-07-21,96.78,stable,-1.39,-2.28,-11.99,2.73,43.0,7.0,31.0,12,14,0,50.49,shallow_breaker,0.0295,0.0423,2026-09-29 17:47:53,2026-09-29
Tele2 B,180,164.95,156.45,-5.15,30,1135.0,2023-08-21,98.24,stable,-2.07,-3.11,-11.99,3.36,43.4,7.0,56.9,7,7,0,71.64,predictable_cycles,0.0182,0.0264,2026-09-29 17:47:55,2026-09-29
Tele2 B,270,164.95,149.85,-9.15,23,1135.0,2023-08-21,98.65,stable,-2.32,-3.31,-11.99,3.29,57.2,7.0,74.2,6,7,0,73.09,predictable_cycles,0.0106,0.0202,2026-09-29 17:47:57,2026-09-29
Tele2 B,365,164.95,143.05,-13.28,19,1135.0,2023-08-21,98.89,stable,-2.84,-3.73,-11.99,3.41,69.9,7.0,89.8,5,7,0,74.0,predictable_cycles,0.0072,0.0143,2026-09-29 17:47:59,2026-09-29
Telia Company,30,44.96,43.17,-3.98,110,50.0,2026-08-10,93.49,stable,-0.99,-1.61,-12.79,1.9,22.1,7.0,15.4,27,11,0,48.72,shallow_breaker,0.0976,0.0976,2026-09-29 17:48:01,2026-09-29
Telia Company,90,44.96,42.65,-5.14,54,50.0,2026-08-10,96.8,stable,-1.18,-1.95,-12.79,2.38,45.5,7.0,31.3,16,10,0,49.85,shallow_breaker,0.0221,0.0335,2026-09-29 17:48:03,2026-09-29
Telia Company,180,44.96,42.65,-5.14,33,50.0,2026-08-10,98.05,stable,-1.37,-2.49,-12.79,2.78,75.3,7.0,51.2,11,8,0,50.78,shallow_breaker,0.0065,0.0129,2026-09-29 17:48:05,2026-09-29
Telia Company,270,44.96,38.35,-14.7,30,1135.0,2023-08-21,98.22,stable,-1.33,-2.5,-12.79,2.86,45.7,7.0,56.3,10,8,0,72.61,shallow_breaker,0.0175,0.0266,2026-09-29 17:48:07,2026-09-29
Telia Company,365,44.96,35.07,-22.0,29,1135.0,2023-08-21,98.28,stable,-1.37,-2.56,-12.79,2.89,47.4,7.0,58.3,9,8,0,72.7,shallow_breaker,0.0163,0.0257,2026-09-29 17:48:09,2026-09-29
Trelleborg B,30,459.6,433.0,-5.79,102,75.0,2026-07-16,94.02,stable,-1.72,-2.6,-19.57,2.99,23.6,7.0,16.7,25,23,0,48.52,shallow_breaker,0.0896,0.0896,2026-09-29 17:48:11,2026-09-29
Trelleborg B,90,459.6,397.0,-13.62,54,190.0,2026-03-23,96.84,stable,-1.76,-3.03,-12.92,3.09,42.8,3.0,31.6,13,23,0,58.05,shallow_breaker,0.0332,0.0475,2026-09-29 17:48:13,2026-09-29
Trelleborg B,180,459.6,345.8,-24.76,37,190.0,2026-03-23,97.83,stable,-2.27,-3.12,-11.06,2.82,63.1,3.0,46.1,8,23,0,59.89,predictable_cycles,0.0155,0.0309,2026-09-29 17:48:15,2026-09-29
Trelleborg B,270,459.6,319.4,-30.5,30,427.0,2025-07-29,98.24,stable,-2.28,-3.31,-11.06,3.04,70.1,3.0,56.9,5,23,0,72.28,predictable_cycles,0.0113,0.0226,2026-09-29 17:48:17,2026-09-29
Trelleborg B,365,459.6,319.4,-30.5,29,427.0,2025-07-29,98.3,stable,-2.3,-3.39,-11.06,3.06,72.6,3.0,58.9,4,23,0,72.41,predictable_cycles,0.0105,0.021,2026-09-29 17:48:19,2026-09-29
Volvo Car B,30,15.41,15.3,-0.71,102,0.0,2026-09-29,91.81,stable,-2.32,-3.49,-26.3,3.69,16.9,7.0,12.2,17,13,9,41.0,predictable_cycles,0.0409,0.0409,2026-09-29 17:48:21,2026-09-29
Volvo Car B,90,15.41,15.3,-0.71,71,0.0,2026-09-29,94.3,stable,-3.0,-3.71,-26.3,3.93,24.1,7.0,17.5,13,12,6,41.63,predictable_cycles,0.0285,0.0285,2026-09-29 17:48:22,2026-09-29
Volvo Car B,180,15.41,15.3,-0.71,49,0.0,2026-09-29,96.07,stable,-3.0,-3.31,-10.17,2.64,34.7,7.0,25.4,10,8,6,45.29,predictable_cycles,0.017,0.0197,2026-09-29 17:48:24,2026-09-29
Volvo Car B,270,15.41,15.3,-0.71,44,0.0,2026-09-29,96.47,stable,-2.85,-3.22,-10.17,2.53,38.8,7.0,28.3,10,8,6,45.81,predictable_cycles,0.0137,0.0177,2026-09-29 17:48:25,2026-09-29
Volvo Car B,365,15.41,15.3,-0.71,42,0.0,2026-09-29,96.63,stable,-2.86,-3.29,-10.17,2.56,40.7,7.0,29.7,9,8,6,45.91,predictable_cycles,0.0124,0.0169,2026-09-29 17:48:27,2026-09-29
Volvo B,30,325.5,321.1,-1.35,92,5.0,2026-09-24,94.61,stable,-1.45,-2.44,-11.1,2.59,27.0,7.0,18.6,25,10,6,44.82,shallow_breaker,0.0319,0.0319,2026-09-29 17:48:29,2026-09-29
Volvo B,90,325.5,321.1,-1.35,40,190.0,2026-03-23,97.66,stable,-2.05,-3.09,-11.1,2.94,58.2,7.0,42.7,12,10,0,59.36,predictable_cycles,0.0181,0.0351,2026-09-29 17:48:31,2026-09-29
Volvo B,180,325.5,305.3,-6.21,31,540.0,2025-04-07,98.18,stable,-1.85,-3.12,-10.71,3.13,64.0,5.0,55.1,6,10,0,71.97,shallow_breaker,0.0128,0.0255,2026-09-29 17:48:33,2026-09-29
Volvo B,270,325.5,276.5,-15.05,27,540.0,2025-04-07,98.42,stable,-1.85,-3.04,-10.71,3.25,73.9,4.5,63.2,5,10,0,72.35,shallow_breaker,0.0096,0.0193,2026-09-29 17:48:35,2026-09-29
Volvo B,365,325.5,244.9,-24.76,25,540.0,2025-04-07,98.54,stable,-1.85,-3.12,-10.71,3.36,80.0,3.5,68.3,4,10,0,72.52,shallow_breaker,0.0082,0.0165,2026-09-29 17:48:37,2026-09-29
