stock_name,rolling_period,current_price,rolling_low,distance_to_support_pct,total_breaks,days_since_last_break,last_break_date,support_stability_pct,stability_trend,median_drop_per_break_pct,avg_drop_per_break_pct,max_drop_pct,drop_std_dev_pct,avg_days_between_breaks,median_days_between_breaks,trading_days_per_break,num_clusters,max_consecutive_breaks,current_consecutive_breaks,support_strength_score,pattern_type,break_probability_30d,break_probability_60d,last_calculated,data_through_date
AAK AB,30,259.8,255.4,-1.69,164,22,2025-11-20,89.07,stable,-0.81,-1.19,-9.53,1.37,13.0,3.0,9.1,22,19,1,46.12,shallow_breaker,0.1473,0.1473,2025-12-15 13:55:46,2025-12-12
AAK AB,90,259.8,240.8,-7.31,79,73,2025-09-30,94.73,stable,-0.86,-1.37,-9.53,1.67,26.5,3.0,19.0,15,16,0,51.38,shallow_breaker,0.079,0.079,2025-12-15 13:55:48,2025-12-12
AAK AB,180,259.8,240.8,-7.31,43,73,2025-09-30,97.13,stable,-1.29,-1.79,-9.53,2.08,49.2,4.5,34.9,9,9,0,52.38,shallow_breaker,0.0217,0.0356,2025-12-15 13:55:50,2025-12-12
AAK AB,270,259.8,240.8,-7.31,35,73,2025-09-30,97.67,stable,-1.37,-2.03,-9.53,2.22,60.8,4.0,42.9,8,9,0,52.79,shallow_breaker,0.0127,0.0254,2025-12-15 13:55:51,2025-12-12
AAK AB,365,259.8,240.8,-7.31,27,73,2025-09-30,98.2,stable,-1.29,-2.04,-9.53,2.44,79.5,4.5,55.6,7,9,0,53.38,shallow_breaker,0.0065,0.013,2025-12-15 13:55:53,2025-12-12
ABB Ltd,30,679.4,638.8,-5.98,116,23,2025-11-19,92.27,stable,-0.87,-1.45,-9.38,1.77,18.7,3.0,12.9,21,17,8,46.61,shallow_breaker,0.0863,0.0863,2025-12-15 13:55:55,2025-12-12
ABB Ltd,90,679.4,638.8,-5.98,62,249,2025-04-07,95.87,stable,-0.97,-1.71,-9.38,2.07,31.5,3.0,24.2,9,15,0,63.32,shallow_breaker,0.0591,0.062,2025-12-15 13:55:56,2025-12-12
ABB Ltd,180,679.4,536.2,-21.08,34,249,2025-04-07,97.73,stable,-1.18,-2.16,-9.38,2.52,58.2,3.0,44.1,5,15,0,64.35,shallow_breaker,0.0175,0.034,2025-12-15 13:55:58,2025-12-12
ABB Ltd,270,679.4,442.2,-34.91,24,249,2025-04-07,98.4,stable,-1.73,-2.61,-9.38,2.79,83.5,3.0,62.5,3,15,0,65.27,shallow_breaker,0.0086,0.0172,2025-12-15 13:55:59,2025-12-12
ABB Ltd,365,679.4,442.2,-34.91,23,249,2025-04-07,98.47,stable,-1.57,-2.52,-9.38,2.83,87.3,3.0,65.2,3,15,0,65.41,shallow_breaker,0.0079,0.0158,2025-12-15 13:56:01,2025-12-12
ASSA ABLOY AB ser. B,30,357.6,340.7,-4.73,116,23,2025-11-19,92.27,stable,-0.86,-1.44,-8.98,1.66,18.7,3.0,12.9,25,13,1,46.82,shallow_breaker,0.0863,0.0863,2025-12-15 13:56:03,2025-12-12
ASSA ABLOY AB ser. B,90,357.6,316.6,-11.47,58,249,2025-04-07,96.13,stable,-0.9,-1.63,-8.85,1.92,33.7,3.0,25.9,14,11,0,63.83,shallow_breaker,0.0516,0.058,2025-12-15 13:56:05,2025-12-12
ASSA ABLOY AB ser. B,180,357.6,288.9,-19.21,34,249,2025-04-07,97.73,stable,-1.36,-2.18,-8.85,2.17,58.2,3.0,44.1,8,11,0,65.06,shallow_breaker,0.0175,0.034,2025-12-15 13:56:07,2025-12-12
ASSA ABLOY AB ser. B,270,357.6,252.5,-29.39,22,249,2025-04-07,98.53,stable,-2.19,-2.68,-8.85,2.35,91.5,3.0,68.2,6,11,0,66.58,predictable_cycles,0.0072,0.0144,2025-12-15 13:56:09,2025-12-12
ASSA ABLOY AB ser. B,365,357.6,252.5,-29.39,22,249,2025-04-07,98.53,stable,-2.19,-2.68,-8.85,2.35,91.5,3.0,68.2,6,11,0,66.58,predictable_cycles,0.0072,0.0144,2025-12-15 13:56:11,2025-12-12
Addtech AB ser. B,30,334.4,301.0,-9.99,43,59,2025-10-14,90.97,stable,-0.84,-1.49,-8.89,1.8,15.5,3.0,11.1,7,9,0,48.49,shallow_breaker,0.1355,0.1355,2025-12-15 13:56:12,2025-12-12
Addtech AB ser. B,90,334.4,293.8,-12.14,14,59,2025-10-14,97.06,stable,-0.91,-2.28,-8.89,2.75,50.0,3.0,34.0,4,6,0,49.98,shallow_breaker,0.0192,0.0321,2025-12-15 13:56:12,2025-12-12
Addtech AB ser. B,180,334.4,293.8,-12.14,6,249,2025-04-07,98.74,stable,-1.68,-1.73,-3.62,1.35,92.0,3.0,79.3,2,5,0,69.41,shallow_breaker,0.0062,0.0123,2025-12-15 13:56:13,2025-12-12
Addtech AB ser. B,270,334.4,254.2,-23.98,6,249,2025-04-07,98.74,stable,-1.68,-1.73,-3.62,1.35,92.0,3.0,79.3,2,5,0,69.41,shallow_breaker,0.0062,0.0123,2025-12-15 13:56:12,2025-12-12
Addtech AB ser. B,365,334.4,254.2,-23.98,5,695,2024-01-17,98.95,stable,-0.67,-1.51,-3.62,1.38,3.5,2.5,95.2,1,5,0,78.45,shallow_breaker,0.0158,0.0158,2025-12-15 13:56:12,2025-12-12
Alfa Laval AB,30,460.7,426.4,-7.45,121,21,2025-11-21,91.93,stable,-1.07,-1.65,-12.21,1.98,17.9,4.0,12.4,21,15,4,45.91,shallow_breaker,0.0876,0.0876,2025-12-15 13:56:14,2025-12-12
Alfa Laval AB,90,460.7,421.3,-8.55,54,247,2025-04-09,96.4,stable,-1.93,-2.36,-12.21,2.52,36.3,4.0,27.8,11,11,0,62.7,shallow_breaker,0.0446,0.054,2025-12-15 13:56:16,2025-12-12
Alfa Laval AB,180,460.7,388.1,-15.76,34,247,2025-04-09,97.73,stable,-2.51,-2.94,-12.21,2.91,58.3,3.0,44.1,6,10,0,63.43,predictable_cycles,0.0175,0.034,2025-12-15 13:56:19,2025-12-12
Alfa Laval AB,270,460.7,365.2,-20.73,23,247,2025-04-09,98.47,stable,-2.76,-3.54,-12.21,3.29,87.4,3.0,65.2,5,10,0,64.35,predictable_cycles,0.0079,0.0158,2025-12-15 13:56:21,2025-12-12
Alfa Laval AB,365,460.7,365.2,-20.73,19,247,2025-04-09,98.73,stable,-2.76,-3.87,-12.21,3.5,106.8,3.0,78.9,4,10,0,64.95,predictable_cycles,0.0053,0.0107,2025-12-15 13:56:23,2025-12-12
Asmodee Group AB ser. B,30,106.78,105.6,-1.11,26,1,2025-12-11,87.91,stable,-1.6,-1.63,-5.5,1.25,12.2,3.0,8.3,4,11,5,44.51,shallow_breaker,0.0654,0.0654,2025-12-15 13:56:23,2025-12-12
Asmodee Group AB ser. B,90,106.78,105.6,-1.11,20,1,2025-12-11,90.7,stable,-1.4,-1.61,-5.5,1.27,16.0,3.0,10.8,3,11,4,45.47,shallow_breaker,0.0494,0.0494,2025-12-15 13:56:24,2025-12-12
Asmodee Group AB ser. B,180,106.78,105.6,-1.11,15,1,2025-12-11,93.02,improving,-1.53,-1.8,-5.5,1.3,21.7,3.0,14.3,2,11,4,46.36,shallow_breaker,0.0365,0.0365,2025-12-15 13:56:24,2025-12-12
Asmodee Group AB ser. B,270,106.78,83.3,-21.99,11,249,2025-04-07,94.88,improving,-1.71,-2.07,-5.5,1.39,5.6,3.0,19.5,1,11,0,64.08,shallow_breaker,0.0767,0.0767,2025-12-15 13:56:24,2025-12-12
Asmodee Group AB ser. B,365,106.78,83.3,-21.99,11,249,2025-04-07,94.88,improving,-1.71,-2.07,-5.5,1.39,5.6,3.0,19.5,1,11,0,64.08,shallow_breaker,0.0767,0.0767,2025-12-15 13:56:24,2025-12-12
AstraZeneca PLC,30,1669.5,1651.0,-1.11,131,38,2025-11-04,91.27,stable,-0.71,-1.33,-7.89,1.59,16.3,3.0,11.5,26,15,0,47.59,shallow_breaker,0.131,0.131,2025-12-15 13:56:27,2025-12-12
AstraZeneca PLC,90,1669.5,1365.0,-18.24,66,247,2025-04-09,95.6,stable,-0.75,-1.49,-7.89,1.8,29.4,3.0,22.7,13,13,0,63.56,shallow_breaker,0.066,0.066,2025-12-15 13:56:29,2025-12-12
AstraZeneca PLC,180,1669.5,1316.0,-21.17,38,247,2025-04-09,97.47,stable,-0.85,-1.93,-7.6,2.01,51.7,3.0,39.5,8,13,0,64.83,shallow_breaker,0.0221,0.038,2025-12-15 13:56:31,2025-12-12
AstraZeneca PLC,270,1669.5,1226.0,-26.56,21,247,2025-04-09,98.6,stable,-1.26,-2.22,-6.82,2.14,95.6,4.0,71.4,7,8,0,67.11,shallow_breaker,0.0066,0.0132,2025-12-15 13:56:33,2025-12-12
AstraZeneca PLC,365,1669.5,1226.0,-26.56,13,247,2025-04-09,99.13,stable,-2.77,-3.13,-6.82,2.23,159.3,3.5,115.4,4,8,0,70.1,predictable_cycles,0.0021,0.0042,2025-12-15 13:56:35,2025-12-12
Atlas Copco AB ser. A,30,166.25,149.45,-10.11,143,21,2025-11-21,90.47,stable,-0.82,-1.45,-7.7,1.59,15.1,3.0,10.5,22,16,6,46.12,shallow_breaker,0.114,0.114,2025-12-15 13:56:37,2025-12-12
Atlas Copco AB ser. A,90,166.25,149.45,-10.11,61,128,2025-08-06,95.93,stable,-1.08,-1.93,-7.7,2.01,34.0,3.0,24.6,10,12,0,55.2,shallow_breaker,0.0539,0.061,2025-12-15 13:56:39,2025-12-12
Atlas Copco AB ser. A,180,166.25,143.3,-13.8,42,249,2025-04-07,97.2,stable,-1.38,-2.28,-7.7,2.16,46.7,3.0,35.7,4,12,0,64.34,shallow_breaker,0.027,0.042,2025-12-15 13:56:42,2025-12-12
Atlas Copco AB ser. A,270,166.25,130.0,-21.8,39,249,2025-04-07,97.4,stable,-1.4,-2.34,-7.7,2.2,50.4,3.0,38.5,4,12,0,64.52,shallow_breaker,0.0232,0.039,2025-12-15 13:56:42,2025-12-12
Atlas Copco AB ser. A,365,166.25,130.0,-21.8,36,249,2025-04-07,97.6,stable,-1.38,-2.38,-7.7,2.25,54.7,3.0,41.7,4,12,0,64.69,shallow_breaker,0.0197,0.036,2025-12-15 13:56:44,2025-12-12
Atlas Copco AB ser. B,30,150.0,134.0,-10.67,135,21,2025-11-21,90.91,stable,-0.99,-1.48,-7.62,1.56,16.0,3.0,11.0,21,15,5,46.34,shallow_breaker,0.1051,0.1051,2025-12-15 13:56:46,2025-12-12
Atlas Copco AB ser. B,90,150.0,134.0,-10.67,58,128,2025-08-06,96.09,stable,-1.13,-1.93,-7.62,1.96,35.7,4.0,25.6,13,13,0,55.43,shallow_breaker,0.0492,0.0586,2025-12-15 13:56:48,2025-12-12
Atlas Copco AB ser. B,180,150.0,126.65,-15.57,37,249,2025-04-07,97.51,stable,-1.38,-2.41,-7.62,2.15,53.2,3.0,40.1,5,13,0,64.75,shallow_breaker,0.0211,0.0374,2025-12-15 13:56:50,2025-12-12
Atlas Copco AB ser. B,270,150.0,115.75,-22.83,34,249,2025-04-07,97.71,stable,-1.49,-2.52,-7.62,2.19,58.1,3.0,43.7,5,13,0,64.98,shallow_breaker,0.0177,0.0343,2025-12-15 13:56:53,2025-12-12
Atlas Copco AB ser. B,365,150.0,115.75,-22.83,32,249,2025-04-07,97.85,stable,-1.49,-2.51,-7.62,2.2,61.8,3.0,46.4,5,13,0,65.19,shallow_breaker,0.0157,0.0314,2025-12-15 13:56:55,2025-12-12
Avanza Bank Holding AB,30,345.3,338.3,-2.03,173,9,2025-12-03,88.47,stable,-1.31,-1.81,-11.3,1.95,12.6,3.0,8.7,26,22,7,43.85,shallow_breaker,0.099,0.099,2025-12-15 13:56:57,2025-12-12
Avanza Bank Holding AB,90,345.3,332.7,-3.65,65,249,2025-04-07,95.67,stable,-1.31,-2.24,-11.3,2.44,30.0,3.0,23.1,13,14,0,62.45,shallow_breaker,0.065,0.065,2025-12-15 13:56:59,2025-12-12
Avanza Bank Holding AB,180,345.3,307.8,-10.86,39,800,2023-10-04,97.4,stable,-1.86,-2.78,-11.3,2.71,36.1,3.0,38.5,6,10,0,71.44,shallow_breaker,0.0325,0.039,2025-12-15 13:57:01,2025-12-12
Avanza Bank Holding AB,270,345.3,263.9,-23.57,33,800,2023-10-04,97.8,stable,-1.76,-2.88,-11.3,2.92,42.8,3.0,45.5,6,8,0,71.61,shallow_breaker,0.0231,0.033,2025-12-15 13:57:02,2025-12-12
Avanza Bank Holding AB,365,345.3,260.0,-24.7,25,1156,2022-10-13,98.33,stable,-2.71,-3.42,-11.3,3.15,42.2,3.0,60.0,5,7,0,72.31,predictable_cycles,0.0178,0.025,2025-12-15 13:57:05,2025-12-12
Axfood AB,30,268.2,262.1,-2.27,171,38,2025-11-04,88.6,stable,-0.6,-1.07,-12.59,1.53,12.5,2.0,8.8,22,23,0,46.72,shallow_breaker,0.171,0.171,2025-12-15 13:57:07,2025-12-12
Axfood AB,90,268.2,257.3,-4.06,106,38,2025-11-04,92.93,stable,-0.58,-0.99,-5.89,1.16,20.2,3.0,14.2,14,19,0,49.14,shallow_breaker,0.1017,0.1017,2025-12-15 13:57:08,2025-12-12
Axfood AB,180,268.2,257.3,-4.06,61,38,2025-11-04,95.93,stable,-0.58,-1.01,-5.89,1.15,35.4,3.0,24.6,11,19,0,50.77,shallow_breaker,0.0357,0.0421,2025-12-15 13:57:10,2025-12-12
Axfood AB,270,268.2,218.6,-18.49,44,263,2025-03-24,97.07,stable,-0.71,-1.08,-5.89,1.24,44.2,3.0,34.1,6,19,0,66.99,shallow_breaker,0.0299,0.044,2025-12-15 13:57:12,2025-12-12
Axfood AB,365,268.2,218.6,-18.49,41,263,2025-03-24,97.27,stable,-0.69,-0.97,-5.89,1.04,47.5,2.5,36.6,5,19,0,67.61,shallow_breaker,0.0259,0.041,2025-12-15 13:57:12,2025-12-12
BONESUPPORT HOLDING AB,30,181.3,180.8,-0.28,46,0,2025-12-12,90.34,weakening,-1.89,-2.34,-7.91,1.91,14.8,4.0,10.3,10,20,20,43.99,exhausted_cascade,0.0483,0.0483,2025-12-15 13:57:13,2025-12-12
BONESUPPORT HOLDING AB,90,181.3,180.8,-0.28,32,0,2025-12-12,93.28,weakening,-1.91,-2.45,-7.45,1.84,21.5,4.0,14.9,4,18,18,45.32,exhausted_cascade,0.0336,0.0336,2025-12-15 13:57:14,2025-12-12
BONESUPPORT HOLDING AB,180,181.3,180.8,-0.28,23,0,2025-12-12,95.17,weakening,-1.89,-2.37,-6.55,1.54,30.3,3.5,20.7,4,14,14,46.88,exhausted_cascade,0.0239,0.0242,2025-12-15 13:57:14,2025-12-12
BONESUPPORT HOLDING AB,270,181.3,180.8,-0.28,21,0,2025-12-12,95.59,weakening,-1.89,-2.28,-5.22,1.34,33.3,3.0,22.7,3,14,14,47.54,exhausted_cascade,0.0199,0.0221,2025-12-15 13:57:15,2025-12-12
BONESUPPORT HOLDING AB,365,181.3,180.8,-0.28,16,0,2025-12-12,96.64,weakening,-1.91,-2.34,-5.22,1.38,44.4,2.0,29.8,2,14,14,48.26,exhausted_cascade,0.0114,0.0168,2025-12-15 13:57:15,2025-12-12
Betsson AB ser. B,30,145.6,137.9,-5.29,131,24,2025-11-18,91.27,stable,-1.16,-1.9,-13.43,2.13,16.5,3.0,11.5,24,23,23,45.55,exhausted_cascade,0.1072,0.1072,2025-12-15 13:57:17,2025-12-12
Betsson AB ser. B,90,145.6,137.9,-5.29,71,24,2025-11-18,95.27,stable,-1.0,-1.76,-10.43,2.15,30.7,3.0,21.1,10,21,21,47.38,exhausted_cascade,0.0413,0.0422,2025-12-15 13:57:19,2025-12-12
Betsson AB ser. B,180,145.6,137.9,-5.29,40,24,2025-11-18,97.33,stable,-1.35,-2.39,-10.43,2.61,55.0,3.0,37.5,6,18,6,48.19,shallow_breaker,0.0104,0.0191,2025-12-15 13:57:22,2025-12-12
Betsson AB ser. B,270,145.6,137.2,-5.77,33,641,2024-03-11,97.8,stable,-1.52,-2.62,-10.43,2.78,47.8,1.0,45.5,4,18,0,71.89,shallow_breaker,0.0207,0.033,2025-12-15 13:57:24,2025-12-12
Betsson AB ser. B,365,145.6,136.34,-6.36,27,1467,2021-12-06,98.2,stable,-1.8,-3.01,-10.43,2.92,27.0,1.0,55.6,3,17,0,72.42,shallow_breaker,0.027,0.027,2025-12-15 13:57:27,2025-12-12
Billerud Aktiebolag,30,89.05,85.9,-3.54,134,63,2025-10-10,91.07,stable,-1.08,-1.87,-13.32,2.13,15.8,3.0,11.2,20,32,0,48.14,shallow_breaker,0.134,0.134,2025-12-15 13:57:29,2025-12-12
Billerud Aktiebolag,90,89.05,80.5,-9.6,72,63,2025-10-10,95.2,stable,-1.55,-2.06,-13.14,2.23,29.6,3.0,20.8,13,27,0,49.83,shallow_breaker,0.072,0.072,2025-12-15 13:57:31,2025-12-12
Billerud Aktiebolag,180,89.05,80.5,-9.6,50,63,2025-10-10,96.67,stable,-1.64,-2.18,-9.66,2.14,42.9,3.0,30.0,9,24,0,51.09,shallow_breaker,0.0288,0.0411,2025-12-15 13:57:33,2025-12-12
Billerud Aktiebolag,270,89.05,80.5,-9.6,42,63,2025-10-10,97.2,stable,-1.61,-2.26,-9.66,2.27,51.3,3.0,35.7,9,17,0,51.38,shallow_breaker,0.0183,0.0312,2025-12-15 13:57:35,2025-12-12
Billerud Aktiebolag,365,89.05,80.5,-9.6,38,63,2025-10-10,97.47,stable,-1.61,-2.22,-9.66,2.31,56.8,3.0,39.5,7,17,0,51.63,shallow_breaker,0.0141,0.0267,2025-12-15 13:57:36,2025-12-12
Boliden AB,30,478.1,403.4,-15.62,139,21,2025-11-21,90.73,stable,-1.42,-2.03,-17.49,2.25,15.6,3.0,10.8,22,19,1,44.9,shallow_breaker,0.1088,0.1088,2025-12-15 13:57:39,2025-12-12
Boliden AB,90,478.1,334.6,-30.01,69,249,2025-04-07,95.4,stable,-1.65,-2.38,-17.49,2.7,28.2,3.5,21.7,12,19,0,61.75,shallow_breaker,0.069,0.069,2025-12-15 13:57:41,2025-12-12
Boliden AB,180,478.1,283.1,-40.79,52,249,2025-04-07,96.53,stable,-1.7,-2.44,-17.49,2.98,37.7,3.0,28.8,7,19,0,62.03,shallow_breaker,0.0414,0.052,2025-12-15 13:57:43,2025-12-12
Boliden AB,270,478.1,259.4,-45.74,34,249,2025-04-07,97.73,stable,-1.14,-2.5,-17.49,3.42,58.2,3.0,44.1,6,19,0,62.56,shallow_breaker,0.0175,0.034,2025-12-15 13:57:43,2025-12-12
Boliden AB,365,478.1,259.4,-45.74,30,249,2025-04-07,98.0,stable,-1.6,-2.72,-17.49,3.54,66.2,3.0,50.0,5,19,0,62.8,shallow_breaker,0.0136,0.0272,2025-12-15 13:57:45,2025-12-12
Castellum AB,30,103.9,103.25,-0.63,169,1,2025-12-11,88.73,stable,-1.13,-1.87,-12.65,2.05,12.9,2.0,8.9,27,18,4,43.2,shallow_breaker,0.0607,0.0607,2025-12-15 13:57:47,2025-12-12
Castellum AB,90,103.9,103.25,-0.63,89,1,2025-12-11,94.07,stable,-1.24,-2.06,-12.65,2.48,24.6,2.0,16.9,16,12,3,44.49,shallow_breaker,0.0309,0.0309,2025-12-15 13:57:49,2025-12-12
Castellum AB,180,103.9,103.25,-0.63,60,1,2025-12-11,96.0,stable,-1.65,-2.46,-12.65,2.85,36.7,2.0,25.0,9,11,3,44.89,shallow_breaker,0.0168,0.0205,2025-12-15 13:57:52,2025-12-12
Castellum AB,270,103.9,95.9,-7.7,51,247,2025-04-09,96.6,stable,-2.02,-2.81,-12.65,2.95,38.4,2.0,29.4,8,10,0,62.01,predictable_cycles,0.0399,0.051,2025-12-15 13:57:53,2025-12-12
Castellum AB,365,103.9,95.9,-7.7,48,247,2025-04-09,96.8,stable,-1.95,-2.82,-12.65,3.05,40.8,2.0,31.2,8,10,0,62.01,shallow_breaker,0.0353,0.048,2025-12-15 13:57:56,2025-12-12
Dometic Group AB,30,48.52,38.76,-20.12,206,21,2025-11-21,86.27,stable,-1.3,-2.0,-16.26,2.35,10.5,3.0,7.3,22,29,16,43.12,shallow_breaker,0.206,0.206,2025-12-15 13:57:58,2025-12-12
Dometic Group AB,90,48.52,38.76,-20.12,153,21,2025-11-21,89.8,stable,-1.37,-2.14,-16.26,2.61,14.1,3.0,9.8,14,29,16,43.83,shallow_breaker,0.1268,0.1268,2025-12-15 13:58:00,2025-12-12
Dometic Group AB,180,48.52,35.0,-27.86,106,234,2025-04-22,92.93,stable,-1.39,-2.47,-16.26,3.0,18.4,3.0,14.2,10,29,0,58.89,shallow_breaker,0.106,0.106,2025-12-15 13:58:02,2025-12-12
Dometic Group AB,270,48.52,31.24,-35.61,87,234,2025-04-22,94.2,stable,-1.73,-2.82,-16.26,3.18,22.5,3.0,17.2,8,29,0,59.1,shallow_breaker,0.087,0.087,2025-12-15 13:58:05,2025-12-12
Dometic Group AB,365,48.52,31.24,-35.61,77,234,2025-04-22,94.87,stable,-1.89,-2.9,-16.26,3.19,25.5,3.0,19.5,7,29,0,59.43,shallow_breaker,0.077,0.077,2025-12-15 13:58:07,2025-12-12
EQT AB,30,331.9,310.0,-6.6,125,21,2025-11-21,91.67,stable,-1.74,-2.93,-16.74,3.34,17.3,3.0,12.0,23,20,1,43.08,shallow_breaker,0.0922,0.0922,2025-12-15 13:58:09,2025-12-12
EQT AB,90,331.9,304.7,-8.2,51,56,2025-10-17,96.6,stable,-2.05,-3.28,-15.87,3.65,42.3,3.0,29.4,14,15,0,47.53,predictable_cycles,0.028,0.0395,2025-12-15 13:58:11,2025-12-12
EQT AB,180,331.9,270.9,-18.38,30,249,2025-04-07,98.0,stable,-2.54,-4.08,-15.87,4.12,66.2,3.0,50.0,9,10,0,61.64,predictable_cycles,0.0136,0.0272,2025-12-15 13:58:13,2025-12-12
EQT AB,270,331.9,214.7,-35.31,21,249,2025-04-07,98.6,stable,-3.29,-4.94,-15.87,4.42,96.0,3.5,71.4,8,5,0,62.69,predictable_cycles,0.0066,0.0131,2025-12-15 13:58:13,2025-12-12
EQT AB,365,331.9,214.7,-35.31,18,249,2025-04-07,98.8,stable,-2.96,-4.89,-15.87,4.62,113.0,3.0,83.3,7,5,0,63.16,predictable_cycles,0.0048,0.0096,2025-12-15 13:58:16,2025-12-12
"Electrolux, AB ser. B",30,63.3,53.2,-15.96,155,23,2025-11-19,89.67,stable,-1.61,-2.94,-84.41,7.15,13.9,3.0,9.7,27,18,2,34.85,shallow_breaker,0.1369,0.1369,2025-12-15 13:58:19,2025-12-12
"Electrolux, AB ser. B",90,63.3,50.34,-20.47,86,58,2025-10-15,94.27,stable,-1.61,-3.68,-84.41,9.4,24.8,3.0,17.4,13,18,0,34.64,shallow_breaker,0.086,0.086,2025-12-15 13:58:21,2025-12-12
"Electrolux, AB ser. B",180,63.3,50.34,-20.47,62,58,2025-10-15,95.87,stable,-1.84,-4.55,-84.41,10.92,34.6,3.0,24.2,11,18,0,34.39,shallow_breaker,0.0479,0.0553,2025-12-15 13:58:24,2025-12-12
"Electrolux, AB ser. B",270,63.3,50.34,-20.47,50,58,2025-10-15,96.67,stable,-1.9,-5.08,-84.41,11.89,43.1,3.0,30.0,8,18,0,35.03,shallow_breaker,0.0272,0.0391,2025-12-15 13:58:27,2025-12-12
"Electrolux, AB ser. B",365,63.3,50.34,-20.47,43,58,2025-10-15,97.13,stable,-1.83,-5.05,-84.41,12.72,50.3,2.5,34.9,6,18,0,35.5,shallow_breaker,0.0184,0.0309,2025-12-15 13:58:29,2025-12-12
Elekta AB ser. B,30,55.5,41.9,-24.5,165,21,2025-11-21,89.0,stable,-1.45,-2.06,-13.83,2.3,13.1,3.0,9.1,27,20,9,44.16,shallow_breaker,0.1431,0.1431,2025-12-15 13:58:32,2025-12-12
Elekta AB ser. B,90,55.5,41.9,-24.5,113,21,2025-11-21,92.47,stable,-1.46,-2.08,-11.47,2.26,19.2,2.5,13.3,15,18,6,45.57,shallow_breaker,0.0789,0.0789,2025-12-15 13:58:34,2025-12-12
Elekta AB ser. B,180,55.5,40.64,-26.77,96,136,2025-07-29,93.6,improving,-1.46,-2.04,-11.47,2.22,21.4,3.0,15.6,14,16,0,54.03,shallow_breaker,0.096,0.096,2025-12-15 13:58:36,2025-12-12
Elekta AB ser. B,270,55.5,40.64,-26.77,89,136,2025-07-29,94.07,stable,-1.49,-2.12,-11.47,2.28,23.1,3.0,16.9,12,15,0,54.13,shallow_breaker,0.089,0.089,2025-12-15 13:58:38,2025-12-12
Elekta AB ser. B,365,55.5,40.64,-26.77,85,136,2025-07-29,94.33,stable,-1.51,-2.18,-11.47,2.31,24.2,3.0,17.6,12,15,0,54.2,shallow_breaker,0.085,0.085,2025-12-15 13:58:41,2025-12-12
Embracer Group AB ser. B,30,60.59,55.51,-8.38,160,17,2025-11-25,89.33,stable,-1.99,-3.58,-81.96,7.68,13.5,3.0,9.4,29,22,14,33.26,shallow_breaker,0.1203,0.1203,2025-12-15 13:58:43,2025-12-12
Embracer Group AB ser. B,90,60.59,55.51,-8.38,74,17,2025-11-25,95.07,stable,-2.1,-4.71,-81.96,10.8,29.5,3.0,20.3,13,16,3,31.07,predictable_cycles,0.0389,0.0389,2025-12-15 13:58:44,2025-12-12
Embracer Group AB ser. B,180,60.59,51.79,-14.52,42,120,2025-08-14,97.2,stable,-2.65,-6.35,-81.96,13.8,50.0,4.0,35.7,10,7,0,39.83,predictable_cycles,0.0252,0.042,2025-12-15 13:58:47,2025-12-12
Embracer Group AB ser. B,270,60.59,51.79,-14.52,35,331,2025-01-15,97.67,stable,-2.64,-6.68,-81.96,14.9,54.1,4.0,42.9,8,7,0,54.91,predictable_cycles,0.0194,0.035,2025-12-15 13:58:49,2025-12-12
Embracer Group AB ser. B,365,60.59,21.33,-64.79,28,331,2025-01-15,98.13,stable,-2.59,-7.55,-76.41,15.58,68.1,4.0,53.6,8,6,0,55.78,predictable_cycles,0.0123,0.0247,2025-12-15 13:58:52,2025-12-12
Epiroc AB ser. A,30,211.1,186.6,-11.61,131,21,2025-11-21,91.27,stable,-0.95,-1.59,-8.74,1.7,16.5,3.0,11.5,21,14,6,46.19,shallow_breaker,0.0992,0.0992,2025-12-15 13:58:54,2025-12-12
Epiroc AB ser. A,90,211.1,186.6,-11.61,62,21,2025-11-21,95.87,stable,-1.35,-1.95,-8.67,1.92,35.2,3.0,24.2,13,12,2,48.01,shallow_breaker,0.0282,0.033,2025-12-15 13:58:56,2025-12-12
Epiroc AB ser. A,180,211.1,186.6,-11.61,34,21,2025-11-21,97.73,stable,-1.55,-2.24,-8.67,2.22,65.0,3.0,44.1,9,12,2,49.35,shallow_breaker,0.0069,0.0138,2025-12-15 13:58:59,2025-12-12
Epiroc AB ser. A,270,211.1,167.55,-20.63,29,249,2025-04-07,98.07,stable,-1.24,-2.23,-8.67,2.28,68.5,3.0,51.7,7,12,0,65.45,shallow_breaker,0.0127,0.0254,2025-12-15 13:59:01,2025-12-12
Epiroc AB ser. A,365,211.1,167.55,-20.63,25,249,2025-04-07,98.33,stable,-1.5,-2.43,-8.67,2.38,79.9,3.0,60.0,6,12,0,65.9,shallow_breaker,0.0094,0.0188,2025-12-15 13:59:03,2025-12-12
"Ericsson, Telefonab. L M ser. B",30,89.12,88.88,-0.27,148,87,2025-09-16,90.13,stable,-0.9,-1.66,-13.31,2.04,14.2,3.0,10.1,25,18,0,49.62,shallow_breaker,0.148,0.148,2025-12-15 13:59:06,2025-12-12
"Ericsson, Telefonab. L M ser. B",90,89.12,72.52,-18.63,82,133,2025-08-01,94.53,stable,-1.08,-1.82,-13.31,2.28,25.1,3.0,18.3,16,12,0,54.15,shallow_breaker,0.082,0.082,2025-12-15 13:59:08,2025-12-12
"Ericsson, Telefonab. L M ser. B",180,89.12,69.9,-21.57,54,249,2025-04-07,96.4,stable,-1.11,-2.1,-13.31,2.57,36.2,3.0,27.8,13,10,0,62.74,shallow_breaker,0.0447,0.054,2025-12-15 13:59:10,2025-12-12
"Ericsson, Telefonab. L M ser. B",270,89.12,65.94,-26.01,49,774,2023-10-30,96.73,stable,-1.1,-2.0,-13.31,2.58,29.1,3.0,30.6,11,10,0,70.95,shallow_breaker,0.049,0.049,2025-12-15 13:59:13,2025-12-12
"Ericsson, Telefonab. L M ser. B",365,89.12,65.94,-26.01,47,774,2023-10-30,96.87,stable,-1.1,-2.07,-13.31,2.61,30.3,3.0,31.9,10,10,0,71.02,shallow_breaker,0.0465,0.047,2025-12-15 13:59:13,2025-12-12
Essity AB ser. B,30,262.5,254.6,-3.01,144,1,2025-12-11,90.4,stable,-0.79,-1.26,-9.46,1.45,15.0,3.0,10.4,26,15,4,44.99,shallow_breaker,0.0512,0.0512,2025-12-15 13:59:16,2025-12-12
Essity AB ser. B,90,262.5,236.1,-10.06,75,80,2025-09-23,95.0,stable,-0.78,-1.52,-9.46,1.69,28.0,3.0,20.0,15,12,0,51.98,shallow_breaker,0.075,0.075,2025-12-15 13:59:18,2025-12-12
Essity AB ser. B,180,262.5,236.1,-10.06,54,80,2025-09-23,96.4,stable,-0.86,-1.54,-6.06,1.52,39.1,3.0,27.8,14,12,0,53.26,shallow_breaker,0.0415,0.054,2025-12-15 13:59:20,2025-12-12
Essity AB ser. B,270,262.5,236.1,-10.06,42,80,2025-09-23,97.2,stable,-0.81,-1.43,-5.11,1.43,50.5,3.0,35.7,10,12,0,54.23,shallow_breaker,0.0215,0.0362,2025-12-15 13:59:23,2025-12-12
Essity AB ser. B,365,262.5,236.1,-10.06,31,80,2025-09-23,97.93,stable,-0.75,-1.44,-5.11,1.55,69.0,4.0,48.4,8,12,0,55.07,shallow_breaker,0.0097,0.0194,2025-12-15 13:59:25,2025-12-12
Evolution AB,30,629.0,611.4,-2.8,155,1,2025-12-11,89.67,weakening,-1.3,-1.92,-17.42,2.23,14.1,3.0,9.7,26,18,15,43.17,exhausted_cascade,0.0553,0.0553,2025-12-15 13:59:28,2025-12-12
Evolution AB,90,629.0,611.4,-2.8,91,1,2025-12-11,93.93,weakening,-1.22,-1.9,-16.41,2.5,24.1,3.0,16.5,17,14,12,44.38,exhausted_cascade,0.0316,0.0316,2025-12-15 13:59:30,2025-12-12
Evolution AB,180,629.0,611.4,-2.8,70,1,2025-12-11,95.33,weakening,-1.28,-1.95,-16.41,2.55,31.4,3.0,21.4,16,12,8,45.03,shallow_breaker,0.023,0.0241,2025-12-15 13:59:32,2025-12-12
Evolution AB,270,629.0,611.4,-2.8,49,1,2025-12-11,96.73,stable,-1.25,-1.8,-10.75,2.08,45.1,5.0,30.6,13,12,8,47.02,shallow_breaker,0.0111,0.0167,2025-12-15 13:59:34,2025-12-12
Evolution AB,365,629.0,611.4,-2.8,34,1,2025-12-11,97.73,stable,-1.33,-1.8,-10.75,1.97,65.6,11.0,44.1,10,12,8,48.47,shallow_breaker,0.0053,0.0105,2025-12-15 13:59:37,2025-12-12
Fabege AB,30,79.7,78.5,-1.51,185,1,2025-12-11,87.67,stable,-1.19,-1.69,-12.99,1.74,11.8,3.0,8.1,25,16,5,43.44,shallow_breaker,0.0669,0.0669,2025-12-15 13:59:40,2025-12-12
Fabege AB,90,79.7,75.9,-4.77,88,64,2025-10-09,94.13,stable,-1.23,-1.98,-12.99,2.12,24.2,3.0,17.0,16,10,0,49.54,shallow_breaker,0.088,0.088,2025-12-15 13:59:44,2025-12-12
Fabege AB,180,79.7,75.9,-4.77,48,247,2025-04-09,96.8,stable,-1.82,-2.52,-12.99,2.54,40.9,3.0,31.2,9,10,0,63.02,shallow_breaker,0.0352,0.048,2025-12-15 13:59:45,2025-12-12
Fabege AB,270,79.7,71.0,-10.92,46,247,2025-04-09,96.93,stable,-1.86,-2.59,-12.99,2.57,42.7,3.0,32.6,8,10,0,63.09,shallow_breaker,0.0323,0.046,2025-12-15 13:59:47,2025-12-12
Fabege AB,365,79.7,71.0,-10.92,43,247,2025-04-09,97.13,stable,-1.87,-2.69,-12.99,2.62,45.8,2.5,34.9,7,9,0,63.2,shallow_breaker,0.0282,0.043,2025-12-15 13:59:50,2025-12-12
Fastighets AB Balder ser. B,30,66.0,64.56,-2.18,178,2,2025-12-10,88.13,stable,-1.42,-2.11,-17.3,2.37,11.9,3.0,8.4,24,24,4,42.41,shallow_breaker,0.0693,0.0693,2025-12-15 13:59:52,2025-12-12
Fastighets AB Balder ser. B,90,66.0,64.56,-2.18,90,2,2025-12-10,94.0,stable,-1.78,-2.51,-17.3,2.9,23.6,3.0,16.7,15,20,1,43.69,shallow_breaker,0.0325,0.0325,2025-12-15 13:59:55,2025-12-12
Fastighets AB Balder ser. B,180,66.0,63.28,-4.12,56,247,2025-04-09,96.27,stable,-2.16,-3.22,-17.3,3.33,33.8,2.0,26.8,6,20,0,60.98,predictable_cycles,0.0498,0.056,2025-12-15 13:59:57,2025-12-12
Fastighets AB Balder ser. B,270,66.0,54.84,-16.91,49,247,2025-04-09,96.73,stable,-2.16,-3.38,-17.3,3.51,38.7,2.0,30.6,5,18,0,61.02,predictable_cycles,0.038,0.049,2025-12-15 13:59:59,2025-12-12
Fastighets AB Balder ser. B,365,66.0,54.84,-16.91,44,247,2025-04-09,97.07,stable,-2.43,-3.53,-17.3,3.66,43.2,2.0,34.1,5,16,0,61.06,predictable_cycles,0.0306,0.044,2025-12-15 14:00:02,2025-12-12
Getinge AB ser. B,30,210.3,203.0,-3.47,135,21,2025-11-21,91.0,stable,-1.29,-2.12,-17.42,2.95,16.0,3.0,11.1,24,16,4,43.59,shallow_breaker,0.1039,0.1039,2025-12-15 14:00:04,2025-12-12
Getinge AB ser. B,90,210.3,197.0,-6.32,60,247,2025-04-09,96.0,stable,-1.39,-2.42,-14.53,3.12,32.6,2.0,25.0,12,11,0,61.19,shallow_breaker,0.0552,0.06,2025-12-15 14:00:07,2025-12-12
Getinge AB ser. B,180,210.3,178.45,-15.15,47,386,2024-11-21,96.87,stable,-1.49,-2.52,-14.53,3.33,38.8,1.5,31.9,8,11,0,69.58,shallow_breaker,0.0364,0.047,2025-12-15 14:00:09,2025-12-12
Getinge AB ser. B,270,210.3,177.25,-15.72,33,386,2024-11-21,97.8,stable,-1.49,-2.76,-14.53,3.74,55.8,2.5,45.5,7,8,0,69.98,shallow_breaker,0.0178,0.033,2025-12-15 14:00:12,2025-12-12
Getinge AB ser. B,365,210.3,171.0,-18.69,25,386,2024-11-21,98.33,stable,-1.67,-2.97,-14.5,3.89,74.3,3.5,60.0,6,8,0,70.84,shallow_breaker,0.0101,0.0202,2025-12-15 14:00:15,2025-12-12
"Hennes & Mauritz AB, H & M ser. B",30,180.5,169.35,-6.18,164,130,2025-08-04,89.07,stable,-1.01,-1.76,-12.74,2.24,12.5,3.0,9.1,23,22,0,51.77,shallow_breaker,0.164,0.164,2025-12-15 14:00:17,2025-12-12
"Hennes & Mauritz AB, H & M ser. B",90,180.5,146.25,-18.98,103,249,2025-04-07,93.13,stable,-0.86,-1.79,-12.74,2.49,18.8,3.0,14.6,10,18,0,61.02,shallow_breaker,0.103,0.103,2025-12-15 14:00:21,2025-12-12
"Hennes & Mauritz AB, H & M ser. B",180,180.5,124.3,-31.14,80,249,2025-04-07,94.67,stable,-0.86,-1.88,-12.74,2.71,24.3,3.0,18.8,8,13,0,61.32,shallow_breaker,0.08,0.08,2025-12-15 14:00:24,2025-12-12
"Hennes & Mauritz AB, H & M ser. B",270,180.5,120.0,-33.52,65,249,2025-04-07,95.67,stable,-0.86,-2.12,-12.74,2.93,30.0,3.0,23.1,8,12,0,61.47,shallow_breaker,0.065,0.065,2025-12-15 14:00:28,2025-12-12
"Hennes & Mauritz AB, H & M ser. B",365,180.5,120.0,-33.52,46,249,2025-04-07,96.93,stable,-1.25,-2.72,-12.74,3.29,42.7,3.0,32.6,6,12,0,61.79,shallow_breaker,0.0323,0.046,2025-12-15 14:00:30,2025-12-12
Hexagon AB ser. B,30,108.5,107.3,-1.11,147,11,2025-12-01,90.2,stable,-1.03,-1.71,-10.61,1.88,14.8,3.0,10.2,23,21,4,44.76,shallow_breaker,0.0854,0.0854,2025-12-15 14:00:33,2025-12-12
Hexagon AB ser. B,90,108.5,107.3,-1.11,64,245,2025-04-11,95.73,stable,-1.39,-2.28,-10.61,2.38,30.6,3.0,23.4,10,17,0,62.35,shallow_breaker,0.0628,0.064,2025-12-15 14:00:35,2025-12-12
Hexagon AB ser. B,180,108.5,90.76,-16.35,56,245,2025-04-11,96.27,stable,-1.39,-2.2,-10.61,2.32,35.0,3.0,26.8,9,16,0,62.85,shallow_breaker,0.048,0.056,2025-12-15 14:00:38,2025-12-12
Hexagon AB ser. B,270,108.5,82.8,-23.69,45,245,2025-04-11,97.0,stable,-1.28,-2.1,-10.61,2.41,43.8,3.0,33.3,8,15,0,63.34,shallow_breaker,0.0309,0.045,2025-12-15 14:00:40,2025-12-12
Hexagon AB ser. B,365,108.5,82.8,-23.69,38,245,2025-04-11,97.47,stable,-0.84,-2.11,-10.61,2.63,52.0,3.0,39.5,7,11,0,63.46,shallow_breaker,0.0219,0.038,2025-12-15 14:00:42,2025-12-12
Holmen AB ser. B,30,343.8,338.4,-1.57,153,2,2025-12-10,89.8,stable,-0.92,-1.22,-10.22,1.33,14.3,3.0,9.8,24,20,4,45.08,shallow_breaker,0.0582,0.0582,2025-12-15 14:00:45,2025-12-12
Holmen AB ser. B,90,343.8,338.4,-1.57,69,2,2025-12-10,95.4,stable,-0.92,-1.39,-10.22,1.69,31.9,4.0,21.7,15,15,4,46.86,shallow_breaker,0.023,0.0244,2025-12-15 14:00:46,2025-12-12
Holmen AB ser. B,180,343.8,338.4,-1.57,33,2,2025-12-10,97.8,stable,-1.24,-1.79,-10.22,2.21,67.8,4.0,45.5,9,5,4,48.16,exhausted_cascade,0.005,0.01,2025-12-15 14:00:48,2025-12-12
Holmen AB ser. B,270,343.8,338.4,-1.57,28,2,2025-12-10,98.13,stable,-1.11,-1.85,-10.22,2.39,80.3,4.0,53.6,8,5,4,48.47,exhausted_cascade,0.0036,0.0071,2025-12-15 14:00:51,2025-12-12
Holmen AB ser. B,365,343.8,338.4,-1.57,25,2,2025-12-10,98.33,stable,-1.19,-1.99,-10.22,2.48,90.3,3.0,60.0,6,5,4,48.78,exhausted_cascade,0.0028,0.0057,2025-12-15 14:00:53,2025-12-12
Husqvarna AB ser. B,30,47.67,42.43,-10.99,199,24,2025-11-18,86.73,stable,-1.14,-1.75,-12.1,1.82,10.7,3.0,7.5,17,24,18,44.55,shallow_breaker,0.199,0.199,2025-12-15 14:00:56,2025-12-12
Husqvarna AB ser. B,90,47.67,42.43,-10.99,132,24,2025-11-18,91.2,stable,-1.16,-1.9,-12.1,2.01,16.2,3.0,11.4,10,23,10,45.77,shallow_breaker,0.1091,0.1091,2025-12-15 14:00:58,2025-12-12
Husqvarna AB ser. B,180,47.67,42.43,-10.99,104,24,2025-11-18,93.07,stable,-1.3,-2.03,-12.1,2.11,20.6,2.0,14.4,8,23,5,46.32,shallow_breaker,0.075,0.075,2025-12-15 14:01:01,2025-12-12
Husqvarna AB ser. B,270,47.67,40.94,-14.12,88,247,2025-04-09,94.13,stable,-1.36,-2.17,-12.1,2.23,21.9,2.0,17.0,6,23,0,61.86,shallow_breaker,0.088,0.088,2025-12-15 14:01:04,2025-12-12
Husqvarna AB ser. B,365,47.67,40.94,-14.12,83,247,2025-04-09,94.47,stable,-1.36,-2.08,-12.1,2.15,23.2,2.0,18.1,5,23,0,62.19,shallow_breaker,0.083,0.083,2025-12-15 14:01:06,2025-12-12
"Industrivärden, AB ser. C",30,403.5,383.0,-5.08,137,21,2025-11-21,90.87,stable,-0.84,-1.33,-12.56,1.79,15.8,3.0,10.9,26,19,1,45.86,shallow_breaker,0.1064,0.1064,2025-12-15 14:01:08,2025-12-12
"Industrivärden, AB ser. C",90,403.5,364.0,-9.79,56,247,2025-04-09,96.27,stable,-1.0,-1.77,-11.51,2.31,35.0,2.0,26.8,11,17,0,63.02,shallow_breaker,0.048,0.056,2025-12-15 14:01:11,2025-12-12
"Industrivärden, AB ser. C",180,403.5,334.9,-17.0,38,247,2025-04-09,97.47,stable,-1.26,-2.1,-11.51,2.57,52.0,3.0,39.5,7,14,0,63.71,shallow_breaker,0.0219,0.038,2025-12-15 14:01:13,2025-12-12
"Industrivärden, AB ser. C",270,403.5,298.8,-25.95,26,247,2025-04-09,98.27,stable,-1.35,-2.41,-11.51,2.92,76.9,3.0,57.7,6,12,0,64.5,shallow_breaker,0.0101,0.0203,2025-12-15 14:01:16,2025-12-12
"Industrivärden, AB ser. C",365,403.5,298.8,-25.95,22,247,2025-04-09,98.53,stable,-1.54,-2.8,-11.51,3.02,91.6,3.0,68.2,4,12,0,65.11,shallow_breaker,0.0072,0.0144,2025-12-15 14:01:16,2025-12-12
Investor AB ser. B,30,321.0,306.7,-4.45,108,87,2025-09-16,92.8,stable,-1.11,-1.55,-10.26,1.67,19.4,3.0,13.9,22,11,0,51.42,shallow_breaker,0.108,0.108,2025-12-15 14:01:19,2025-12-12
Investor AB ser. B,90,321.0,280.85,-12.51,41,247,2025-04-09,97.27,stable,-1.62,-2.08,-10.26,2.2,48.0,3.0,36.6,13,7,0,64.21,shallow_breaker,0.0257,0.041,2025-12-15 14:01:21,2025-12-12
Investor AB ser. B,180,321.0,271.9,-15.3,25,247,2025-04-09,98.33,stable,-1.75,-2.46,-10.26,2.59,79.9,3.0,60.0,8,7,0,65.34,shallow_breaker,0.0094,0.0188,2025-12-15 14:01:24,2025-12-12
Investor AB ser. B,270,321.0,247.0,-23.05,21,247,2025-04-09,98.6,stable,-1.65,-2.48,-10.26,2.68,95.9,3.0,71.4,7,7,0,66.04,shallow_breaker,0.0066,0.0131,2025-12-15 14:01:26,2025-12-12
Investor AB ser. B,365,321.0,247.0,-23.05,19,247,2025-04-09,98.73,stable,-1.62,-2.35,-10.26,2.63,106.6,3.0,78.9,6,7,0,66.69,shallow_breaker,0.0053,0.0107,2025-12-15 14:01:29,2025-12-12
JM AB,30,134.9,129.2,-4.23,183,35,2025-11-07,87.8,stable,-1.18,-1.97,-20.52,2.46,11.7,2.0,8.2,28,23,0,44.39,shallow_breaker,0.183,0.183,2025-12-15 14:01:32,2025-12-12
JM AB,90,134.9,128.0,-5.11,115,35,2025-11-07,92.33,stable,-1.03,-1.99,-20.52,2.8,18.7,2.5,13.0,14,23,0,45.39,shallow_breaker,0.1101,0.1101,2025-12-15 14:01:34,2025-12-12
JM AB,180,134.9,128.0,-5.11,93,35,2025-11-07,93.8,stable,-1.12,-2.09,-20.52,2.87,23.2,2.5,16.1,12,23,0,45.89,shallow_breaker,0.0779,0.0779,2025-12-15 14:01:36,2025-12-12
JM AB,270,134.9,128.0,-5.11,86,35,2025-11-07,94.27,stable,-1.25,-2.11,-20.52,2.92,25.1,3.0,17.4,11,22,0,46.04,shallow_breaker,0.0687,0.0687,2025-12-15 14:01:39,2025-12-12
JM AB,365,134.9,128.0,-5.11,77,35,2025-11-07,94.87,stable,-1.36,-2.22,-20.52,3.04,28.0,3.0,19.5,11,18,0,46.1,shallow_breaker,0.0577,0.0577,2025-12-15 14:01:41,2025-12-12
Kinnevik AB ser. B,30,83.24,77.72,-6.63,182,24,2025-11-18,87.87,stable,-1.46,-2.09,-16.02,2.34,11.8,3.0,8.2,21,34,3,43.88,shallow_breaker,0.182,0.182,2025-12-15 14:01:43,2025-12-12
Kinnevik AB ser. B,90,83.24,77.72,-6.63,118,24,2025-11-18,92.13,stable,-1.45,-2.07,-16.02,2.41,18.3,3.0,12.7,14,28,3,45.34,shallow_breaker,0.0909,0.0909,2025-12-15 14:01:46,2025-12-12
Kinnevik AB ser. B,180,83.24,75.46,-9.35,96,249,2025-04-07,93.6,stable,-1.45,-2.21,-16.02,2.61,20.2,3.0,15.6,10,25,0,60.99,shallow_breaker,0.096,0.096,2025-12-15 14:01:47,2025-12-12
Kinnevik AB ser. B,270,83.24,61.56,-26.05,84,249,2025-04-07,94.4,stable,-1.39,-2.21,-16.02,2.74,23.1,2.0,17.9,10,24,0,61.12,shallow_breaker,0.084,0.084,2025-12-15 14:01:51,2025-12-12
Kinnevik AB ser. B,365,83.24,61.56,-26.05,82,249,2025-04-07,94.53,stable,-1.37,-2.19,-16.02,2.77,23.7,2.0,18.3,10,24,0,61.13,shallow_breaker,0.082,0.082,2025-12-15 14:01:54,2025-12-12
"Latour, Investmentab. ser. B",30,223.5,217.1,-2.86,151,2,2025-12-10,89.93,stable,-1.18,-1.74,-12.54,2.05,14.4,3.0,9.9,26,20,2,43.69,shallow_breaker,0.0573,0.0573,2025-12-15 14:01:57,2025-12-12
"Latour, Investmentab. ser. B",90,223.5,217.1,-2.86,72,2,2025-12-10,95.2,stable,-1.32,-1.94,-12.54,2.11,30.5,3.0,20.8,15,11,2,45.9,shallow_breaker,0.0252,0.0256,2025-12-15 14:01:59,2025-12-12
"Latour, Investmentab. ser. B",180,223.5,217.1,-2.86,55,2,2025-12-10,96.33,stable,-1.33,-1.98,-12.54,2.19,40.1,3.0,27.3,12,11,2,46.53,shallow_breaker,0.0144,0.0192,2025-12-15 14:02:01,2025-12-12
"Latour, Investmentab. ser. B",270,223.5,217.1,-2.86,51,2,2025-12-10,96.6,stable,-1.32,-1.98,-12.54,2.26,43.3,3.0,29.4,11,11,2,46.61,shallow_breaker,0.0123,0.0178,2025-12-15 14:02:04,2025-12-12
"Latour, Investmentab. ser. B",365,223.5,217.1,-2.86,41,2,2025-12-10,97.27,stable,-1.32,-2.14,-12.54,2.45,54.1,2.5,36.6,8,11,2,46.92,shallow_breaker,0.0079,0.0142,2025-12-15 14:02:06,2025-12-12
Lundin Mining Corporation,30,183.9,160.1,-12.94,126,134,2025-07-31,91.6,stable,-2.18,-2.69,-13.76,2.52,16.3,3.0,11.9,20,16,0,52.44,predictable_cycles,0.126,0.126,2025-12-15 14:02:09,2025-12-12
Lundin Mining Corporation,90,183.9,110.1,-40.13,81,249,2025-04-07,94.6,stable,-2.2,-2.89,-13.76,2.79,24.0,3.0,18.5,11,16,0,61.12,predictable_cycles,0.081,0.081,2025-12-15 14:02:11,2025-12-12
Lundin Mining Corporation,180,183.9,93.85,-48.97,47,249,2025-04-07,96.87,stable,-2.57,-3.2,-12.15,2.87,41.8,4.0,31.9,6,15,0,62.57,predictable_cycles,0.0338,0.047,2025-12-15 14:02:13,2025-12-12
Lundin Mining Corporation,270,183.9,61.1,-66.78,33,249,2025-04-07,97.8,stable,-3.01,-3.76,-12.15,3.17,60.0,3.0,45.5,4,15,0,63.17,predictable_cycles,0.0165,0.033,2025-12-15 14:02:16,2025-12-12
Lundin Mining Corporation,365,183.9,61.1,-66.78,27,249,2025-04-07,98.2,stable,-2.92,-3.83,-12.15,3.47,73.9,3.5,55.6,3,15,0,63.38,predictable_cycles,0.011,0.0219,2025-12-15 14:02:18,2025-12-12
Modern Times Group MTG AB ser. B,30,110.1,109.6,-0.45,162,0,2025-12-12,89.2,stable,-1.24,-2.03,-16.03,2.32,13.5,3.0,9.3,26,20,9,42.75,shallow_breaker,0.054,0.054,2025-12-15 14:02:22,2025-12-12
Modern Times Group MTG AB ser. B,90,110.1,104.3,-5.27,80,101,2025-09-02,94.67,stable,-1.24,-2.11,-16.03,2.42,26.2,3.0,18.8,14,18,0,51.77,shallow_breaker,0.08,0.08,2025-12-15 14:02:29,2025-12-12
Modern Times Group MTG AB ser. B,180,110.1,93.75,-14.85,45,101,2025-09-02,97.0,stable,-1.41,-2.49,-16.03,2.87,47.0,3.0,33.3,9,12,0,52.55,shallow_breaker,0.0287,0.045,2025-12-15 14:02:35,2025-12-12
Modern Times Group MTG AB ser. B,270,110.1,93.75,-14.85,33,905,2023-06-21,97.8,stable,-1.81,-2.91,-16.03,3.2,39.5,2.5,45.5,5,12,0,71.05,shallow_breaker,0.025,0.033,2025-12-15 14:02:42,2025-12-12
Modern Times Group MTG AB ser. B,365,110.1,91.55,-16.85,33,905,2023-06-21,97.8,stable,-1.41,-2.8,-16.03,3.21,39.5,2.5,45.5,5,12,0,71.04,shallow_breaker,0.025,0.033,2025-12-15 14:02:46,2025-12-12
NCC AB ser. B,30,213.6,202.6,-5.15,144,23,2025-11-19,90.4,improving,-1.11,-1.78,-14.68,2.03,15.0,2.0,10.4,23,14,2,45.34,shallow_breaker,0.1215,0.1215,2025-12-15 14:02:47,2025-12-12
NCC AB ser. B,90,213.6,202.6,-5.15,72,332,2025-01-14,95.2,improving,-1.2,-1.98,-14.68,2.26,25.9,3.0,20.8,14,10,0,68.21,shallow_breaker,0.072,0.072,2025-12-15 14:02:49,2025-12-12
NCC AB ser. B,180,213.6,167.9,-21.4,47,1170,2022-09-29,96.87,improving,-1.26,-2.26,-14.68,2.65,21.7,2.0,31.9,8,10,0,70.94,shallow_breaker,0.047,0.047,2025-12-15 14:02:52,2025-12-12
NCC AB ser. B,270,213.6,159.0,-25.56,41,1170,2022-09-29,97.27,improving,-1.82,-2.44,-14.68,2.77,25.0,2.0,36.6,7,10,0,71.14,shallow_breaker,0.041,0.041,2025-12-15 14:02:55,2025-12-12
NCC AB ser. B,365,213.6,152.9,-28.42,41,1170,2022-09-29,97.27,improving,-1.82,-2.44,-14.68,2.77,25.0,2.0,36.6,7,10,0,71.14,shallow_breaker,0.041,0.041,2025-12-15 14:02:57,2025-12-12
NIBE Industrier AB ser. B,30,35.35,31.21,-11.71,184,21,2025-11-21,87.73,weakening,-1.5,-2.11,-14.75,2.33,11.4,2.0,8.2,21,36,5,43.65,shallow_breaker,0.1738,0.1738,2025-12-15 14:03:00,2025-12-12
NIBE Industrier AB ser. B,90,35.35,31.21,-11.71,123,21,2025-11-21,91.8,weakening,-1.38,-2.07,-14.75,2.34,17.2,2.0,12.2,13,33,5,45.13,shallow_breaker,0.0911,0.0911,2025-12-15 14:03:02,2025-12-12
NIBE Industrier AB ser. B,180,35.35,31.21,-11.71,89,21,2025-11-21,94.07,weakening,-1.42,-2.17,-14.75,2.57,23.8,2.5,16.9,10,27,5,45.67,shallow_breaker,0.0558,0.0558,2025-12-15 14:03:04,2025-12-12
NIBE Industrier AB ser. B,270,35.35,30.05,-14.99,68,249,2025-04-07,95.47,weakening,-1.43,-2.33,-14.75,2.79,27.9,3.0,22.1,9,19,0,61.62,shallow_breaker,0.068,0.068,2025-12-15 14:03:07,2025-12-12
NIBE Industrier AB ser. B,365,35.35,30.05,-14.99,61,249,2025-04-07,95.93,weakening,-1.42,-2.18,-14.75,2.67,31.1,3.0,24.6,8,18,0,62.19,shallow_breaker,0.0588,0.061,2025-12-15 14:03:09,2025-12-12
New Wave Group AB ser. B,30,112.9,107.0,-5.23,130,21,2025-11-21,91.33,stable,-1.33,-2.67,-21.67,3.53,16.7,3.0,11.5,21,25,4,42.56,shallow_breaker,0.098,0.098,2025-12-15 14:03:11,2025-12-12
New Wave Group AB ser. B,90,112.9,107.0,-5.23,58,120,2025-08-14,96.13,stable,-1.56,-3.25,-21.67,4.26,36.0,3.0,25.9,11,25,0,50.3,shallow_breaker,0.0484,0.058,2025-12-15 14:03:13,2025-12-12
New Wave Group AB ser. B,180,112.9,103.0,-8.77,40,247,2025-04-09,97.33,stable,-1.68,-3.58,-21.67,4.75,49.3,3.0,37.5,6,25,0,59.2,shallow_breaker,0.0243,0.04,2025-12-15 14:03:15,2025-12-12
New Wave Group AB ser. B,270,112.9,82.05,-27.33,34,247,2025-04-09,97.73,stable,-1.68,-3.55,-21.67,4.56,58.3,3.0,44.1,4,25,0,60.14,shallow_breaker,0.0175,0.034,2025-12-15 14:03:16,2025-12-12
New Wave Group AB ser. B,365,112.9,82.05,-27.33,30,247,2025-04-09,98.0,stable,-1.93,-3.54,-21.67,4.6,66.3,2.0,50.0,3,25,0,60.54,shallow_breaker,0.0136,0.0271,2025-12-15 14:03:18,2025-12-12
Nordea Bank Abp,30,168.1,156.95,-6.63,92,249,2025-04-07,93.87,stable,-1.14,-1.91,-13.08,2.38,21.1,3.0,16.3,21,10,0,61.58,shallow_breaker,0.092,0.092,2025-12-15 14:03:20,2025-12-12
Nordea Bank Abp,90,168.1,149.65,-10.98,33,249,2025-04-07,97.8,stable,-1.31,-2.86,-13.08,3.33,59.9,4.0,45.5,12,9,0,62.85,shallow_breaker,0.0165,0.033,2025-12-15 14:03:24,2025-12-12
Nordea Bank Abp,180,168.1,134.85,-19.78,19,249,2025-04-07,98.73,stable,-1.86,-3.76,-13.08,3.94,106.4,3.0,78.9,5,9,0,64.21,shallow_breaker,0.0054,0.0107,2025-12-15 14:03:27,2025-12-12
Nordea Bank Abp,270,168.1,107.0,-36.35,15,249,2025-04-07,99.0,stable,-2.03,-3.86,-13.08,3.95,136.9,3.5,100.0,5,9,0,65.7,predictable_cycles,0.0031,0.0062,2025-12-15 14:03:29,2025-12-12
Nordea Bank Abp,365,168.1,107.0,-36.35,14,249,2025-04-07,99.07,stable,-1.62,-3.62,-13.08,4.07,147.4,3.0,107.1,4,9,0,65.98,shallow_breaker,0.0026,0.0051,2025-12-15 14:03:31,2025-12-12
Nordnet AB,30,260.8,257.6,-1.23,41,9,2025-12-03,91.39,stable,-1.21,-1.6,-7.23,1.54,17.5,3.0,11.6,10,10,3,45.75,shallow_breaker,0.0652,0.0652,2025-12-15 14:03:32,2025-12-12
Nordnet AB,90,260.8,257.6,-1.23,10,9,2025-12-03,97.9,stable,-1.71,-2.48,-7.23,2.08,77.8,5.0,47.6,4,6,1,49.1,shallow_breaker,0.0045,0.009,2025-12-15 14:03:33,2025-12-12
Nordnet AB,180,260.8,244.2,-6.37,7,249,2025-04-07,98.53,stable,-1.74,-2.31,-4.94,1.68,76.7,4.0,68.0,2,6,0,67.92,shallow_breaker,0.0086,0.0173,2025-12-15 14:03:33,2025-12-12
Nordnet AB,270,260.8,205.2,-21.32,6,690,2024-01-22,98.74,stable,-1.37,-1.98,-4.94,1.59,3.8,3.0,79.3,1,6,0,76.88,shallow_breaker,0.0189,0.0189,2025-12-15 14:03:34,2025-12-12
Nordnet AB,365,260.8,205.2,-21.32,6,690,2024-01-22,98.74,stable,-1.37,-1.98,-4.94,1.59,3.8,3.0,79.3,1,6,0,76.88,shallow_breaker,0.0189,0.0189,2025-12-15 14:03:35,2025-12-12
OMXS30,30,2823.91,2655.36,-5.97,119,21,2025-11-21,91.95,stable,-0.65,-1.24,-10.8,1.69,18.0,3.0,12.4,23,13,2,46.49,shallow_breaker,0.0872,0.0872,2025-12-15 14:03:37,2025-12-12
OMXS30,90,2823.91,2612.55,-7.48,55,249,2025-04-07,96.28,stable,-0.68,-1.62,-10.8,2.18,35.1,3.0,26.9,12,12,0,63.42,shallow_breaker,0.0477,0.0558,2025-12-15 14:03:39,2025-12-12
OMXS30,180,2823.91,2412.79,-14.56,41,249,2025-04-07,97.23,stable,-0.65,-1.77,-10.8,2.33,47.4,3.0,36.0,7,12,0,64.04,shallow_breaker,0.0263,0.0416,2025-12-15 14:03:42,2025-12-12
OMXS30,270,2823.91,2097.58,-25.72,35,249,2025-04-07,97.63,stable,-0.64,-1.88,-10.8,2.45,55.8,3.0,42.2,7,12,0,64.34,shallow_breaker,0.0191,0.0355,2025-12-15 14:03:44,2025-12-12
OMXS30,365,2823.91,2097.58,-25.72,29,249,2025-04-07,98.04,stable,-0.53,-1.98,-10.8,2.63,67.8,3.0,51.0,6,12,0,64.7,shallow_breaker,0.013,0.0261,2025-12-15 14:03:47,2025-12-12
Orrön Energy AB,30,5.62,4.0,-28.83,191,35,2025-11-07,87.27,weakening,-1.52,-2.35,-29.73,3.01,11.2,2.5,7.9,23,24,0,43.1,shallow_breaker,0.191,0.191,2025-12-15 14:03:47,2025-12-12
Orrön Energy AB,90,5.62,4.0,-28.9,117,35,2025-11-07,92.2,weakening,-1.82,-2.59,-29.73,3.42,18.4,2.0,12.8,13,21,0,44.1,shallow_breaker,0.1134,0.1134,2025-12-15 14:03:49,2025-12-12
Orrön Energy AB,180,5.62,4.0,-28.9,87,35,2025-11-07,94.2,weakening,-2.07,-2.83,-29.73,3.79,24.8,2.0,17.2,10,17,0,44.26,predictable_cycles,0.07,0.07,2025-12-15 14:03:52,2025-12-12
Orrön Energy AB,270,5.62,3.87,-31.14,58,247,2025-04-09,96.13,stable,-2.11,-3.33,-29.73,4.42,33.6,3.0,25.9,5,17,0,58.68,predictable_cycles,0.0517,0.058,2025-12-15 14:03:55,2025-12-12
Orrön Energy AB,365,5.62,3.87,-31.14,49,247,2025-04-09,96.73,stable,-2.12,-3.44,-29.73,4.69,39.9,2.5,30.6,4,17,0,58.66,predictable_cycles,0.0368,0.049,2025-12-15 14:03:57,2025-12-12
SAAB AB ser. B,30,507.7,445.1,-12.33,125,17,2025-11-25,91.67,stable,-1.23,-1.91,-11.95,2.2,17.1,3.0,12.0,25,23,2,45.1,shallow_breaker,0.083,0.083,2025-12-15 14:03:59,2025-12-12
SAAB AB ser. B,90,507.7,445.1,-12.33,66,17,2025-11-25,95.6,stable,-1.79,-2.23,-10.87,2.33,32.7,3.0,22.7,15,23,2,46.73,shallow_breaker,0.0307,0.0334,2025-12-15 14:04:02,2025-12-12
SAAB AB ser. B,180,507.7,445.1,-12.33,33,427,2024-10-11,97.8,stable,-1.9,-2.43,-10.87,2.49,53.6,2.0,45.5,6,23,0,72.46,shallow_breaker,0.0185,0.033,2025-12-15 14:04:04,2025-12-12
SAAB AB ser. B,270,507.7,310.55,-38.83,26,1387,2022-02-24,98.27,stable,-2.09,-2.78,-10.87,2.67,30.2,2.0,57.7,3,23,0,73.08,predictable_cycles,0.0258,0.026,2025-12-15 14:04:07,2025-12-12
SAAB AB ser. B,365,507.7,208.0,-59.03,26,1387,2022-02-24,98.27,stable,-2.03,-2.71,-10.87,2.67,30.2,2.0,57.7,3,23,0,73.09,predictable_cycles,0.0258,0.026,2025-12-15 14:04:09,2025-12-12
"SKF, AB ser. B",30,251.2,233.1,-7.21,149,79,2025-09-24,90.07,stable,-0.91,-1.6,-8.24,1.74,14.1,3.0,10.1,21,24,0,49.63,shallow_breaker,0.149,0.149,2025-12-15 14:04:12,2025-12-12
"SKF, AB ser. B",90,251.2,228.8,-8.92,78,249,2025-04-07,94.8,stable,-1.11,-2.01,-8.24,2.08,24.9,3.0,19.2,10,24,0,62.65,shallow_breaker,0.078,0.078,2025-12-15 14:04:14,2025-12-12
"SKF, AB ser. B",180,251.2,206.1,-17.95,51,249,2025-04-07,96.6,stable,-1.52,-2.36,-8.24,2.29,38.4,3.0,29.4,8,24,0,63.47,shallow_breaker,0.0398,0.051,2025-12-15 14:04:16,2025-12-12
"SKF, AB ser. B",270,251.2,157.7,-37.22,44,249,2025-04-07,97.07,stable,-1.63,-2.37,-8.24,2.29,44.7,3.0,34.1,7,24,0,63.92,shallow_breaker,0.0295,0.044,2025-12-15 14:04:17,2025-12-12
"SKF, AB ser. B",365,251.2,157.7,-37.22,38,249,2025-04-07,97.47,stable,-1.48,-2.44,-8.24,2.43,51.9,3.0,39.5,4,24,0,64.15,shallow_breaker,0.022,0.038,2025-12-15 14:04:19,2025-12-12
SSAB AB ser. A,30,70.92,60.44,-14.78,145,99,2025-09-04,90.33,stable,-1.48,-2.06,-15.29,2.18,14.4,3.0,10.3,22,19,0,50.23,shallow_breaker,0.145,0.145,2025-12-15 14:04:21,2025-12-12
SSAB AB ser. A,90,70.92,53.84,-24.08,84,99,2025-09-04,94.4,stable,-1.38,-1.87,-15.29,2.15,25.0,3.0,17.9,10,16,0,52.01,shallow_breaker,0.084,0.084,2025-12-15 14:04:24,2025-12-12
SSAB AB ser. A,180,70.92,52.84,-25.49,62,333,2025-01-13,95.87,stable,-1.48,-2.04,-15.29,2.34,30.1,3.0,24.2,7,16,0,68.55,shallow_breaker,0.0618,0.062,2025-12-15 14:04:26,2025-12-12
SSAB AB ser. A,270,70.92,50.34,-29.02,33,333,2025-01-13,97.8,stable,-1.76,-2.64,-15.29,2.93,57.4,3.0,45.5,5,9,0,69.41,shallow_breaker,0.0172,0.033,2025-12-15 14:04:28,2025-12-12
SSAB AB ser. A,365,70.92,43.21,-39.07,31,333,2025-01-13,97.93,stable,-1.74,-2.59,-15.29,3.02,61.2,3.0,48.4,4,9,0,69.47,shallow_breaker,0.0152,0.0304,2025-12-15 14:04:30,2025-12-12
SSAB AB ser. B,30,69.84,58.88,-15.69,42,38,2025-11-04,88.68,stable,-1.44,-2.45,-23.47,3.76,12.6,3.0,8.8,7,16,0,42.29,shallow_breaker,0.1698,0.1698,2025-12-15 14:04:31,2025-12-12
SSAB AB ser. B,90,69.84,52.22,-25.23,23,136,2025-07-29,93.8,improving,-1.33,-2.6,-22.25,4.39,19.1,3.0,16.1,3,16,0,49.77,shallow_breaker,0.093,0.093,2025-12-15 14:04:32,2025-12-12
SSAB AB ser. B,180,69.84,42.0,-39.86,21,136,2025-07-29,94.34,improving,-1.54,-2.22,-11.11,2.4,21.0,3.0,17.7,3,16,0,54.03,shallow_breaker,0.0849,0.0849,2025-12-15 14:04:32,2025-12-12
SSAB AB ser. B,270,69.84,42.0,-39.86,21,136,2025-07-29,94.34,improving,-1.33,-1.7,-5.54,1.39,21.0,3.0,17.7,3,16,0,56.06,shallow_breaker,0.0849,0.0849,2025-12-15 14:04:33,2025-12-12
SSAB AB ser. B,365,69.84,42.0,-39.86,21,136,2025-07-29,94.34,improving,-1.33,-1.7,-5.54,1.39,21.0,3.0,17.7,3,16,0,56.06,shallow_breaker,0.0849,0.0849,2025-12-15 14:04:33,2025-12-12
Sagax AB B,30,198.3,193.4,-2.47,161,2,2025-12-10,89.27,stable,-1.22,-2.06,-16.39,2.36,13.6,3.0,9.3,23,18,8,42.83,shallow_breaker,0.0616,0.0616,2025-12-15 14:04:36,2025-12-12
Sagax AB B,90,198.3,191.7,-3.33,78,78,2025-09-25,94.8,stable,-1.36,-2.19,-14.29,2.6,27.2,3.0,19.2,13,15,0,49.91,shallow_breaker,0.078,0.078,2025-12-15 14:04:38,2025-12-12
Sagax AB B,180,198.3,191.7,-3.33,70,247,2025-04-09,95.33,stable,-1.19,-2.2,-14.29,2.72,27.9,3.0,21.4,10,15,0,61.55,shallow_breaker,0.07,0.07,2025-12-15 14:04:41,2025-12-12
Sagax AB B,270,198.3,173.5,-12.51,56,247,2025-04-09,96.27,stable,-1.19,-2.36,-14.29,2.98,35.0,2.0,26.8,9,12,0,61.67,shallow_breaker,0.048,0.056,2025-12-15 14:04:44,2025-12-12
Sagax AB B,365,198.3,173.5,-12.51,44,247,2025-04-09,97.07,stable,-1.19,-2.48,-14.29,2.93,44.7,3.0,34.1,7,10,0,62.51,shallow_breaker,0.0295,0.044,2025-12-15 14:04:47,2025-12-12
Samhällsbyggnadsbo. i Norden AB ser. B,30,4.2,3.98,-5.26,66,21,2025-11-21,86.13,stable,-1.68,-3.06,-25.63,4.3,10.4,2.0,7.2,8,19,9,39.17,shallow_breaker,0.208,0.208,2025-12-15 14:04:48,2025-12-12
Samhällsbyggnadsbo. i Norden AB ser. B,90,4.2,3.98,-5.26,36,21,2025-11-21,92.44,stable,-1.13,-3.23,-23.88,5.15,19.3,2.0,13.2,5,12,7,39.77,shallow_breaker,0.0789,0.0789,2025-12-15 14:04:47,2025-12-12
Samhällsbyggnadsbo. i Norden AB ser. B,180,4.2,3.98,-5.26,24,21,2025-11-21,94.96,stable,-1.34,-3.27,-18.5,4.18,29.4,3.0,19.8,4,12,6,42.93,shallow_breaker,0.0432,0.0432,2025-12-15 14:04:47,2025-12-12
Samhällsbyggnadsbo. i Norden AB ser. B,270,4.2,3.0,-28.66,13,249,2025-04-07,97.27,stable,-2.05,-3.57,-11.31,3.3,37.3,3.5,36.6,2,12,0,62.15,predictable_cycles,0.0329,0.041,2025-12-15 14:04:48,2025-12-12
Samhällsbyggnadsbo. i Norden AB ser. B,365,4.2,3.0,-28.66,13,249,2025-04-07,97.27,stable,-2.05,-3.57,-11.31,3.3,37.3,3.5,36.6,2,12,0,62.15,predictable_cycles,0.0329,0.041,2025-12-15 14:04:49,2025-12-12
Sandvik AB,30,291.1,272.7,-6.32,136,21,2025-11-21,90.93,stable,-1.28,-1.76,-9.59,1.82,15.9,3.0,11.0,23,18,1,45.84,shallow_breaker,0.1051,0.1051,2025-12-15 14:04:51,2025-12-12
Sandvik AB,90,291.1,252.1,-13.4,72,249,2025-04-07,95.2,stable,-1.2,-1.98,-9.59,2.14,27.1,3.0,20.8,13,18,0,62.77,shallow_breaker,0.072,0.072,2025-12-15 14:04:53,2025-12-12
Sandvik AB,180,291.1,207.1,-28.86,52,249,2025-04-07,96.53,stable,-1.11,-2.16,-9.59,2.37,37.7,3.0,28.8,11,18,0,63.26,shallow_breaker,0.0414,0.052,2025-12-15 14:04:55,2025-12-12
Sandvik AB,270,291.1,168.1,-42.25,46,249,2025-04-07,96.93,stable,-1.16,-2.23,-9.59,2.45,42.7,3.0,32.6,9,18,0,63.46,shallow_breaker,0.0323,0.046,2025-12-15 14:04:58,2025-12-12
Sandvik AB,365,291.1,168.1,-42.25,40,249,2025-04-07,97.33,stable,-1.16,-2.3,-9.59,2.55,49.3,3.0,37.5,7,18,0,63.73,shallow_breaker,0.0244,0.04,2025-12-15 14:05:00,2025-12-12
Securitas AB ser. B,30,142.8,136.15,-4.66,164,38,2025-11-04,89.07,improving,-0.89,-1.37,-9.42,1.47,13.1,3.0,9.1,24,24,0,47.01,shallow_breaker,0.164,0.164,2025-12-15 14:05:03,2025-12-12
Securitas AB ser. B,90,142.8,136.0,-4.76,67,38,2025-11-04,95.53,improving,-1.33,-1.79,-9.42,1.79,32.3,3.0,22.4,14,24,0,49.22,shallow_breaker,0.0451,0.0486,2025-12-15 14:05:05,2025-12-12
Securitas AB ser. B,180,142.8,135.7,-4.97,47,926,2023-05-31,96.87,improving,-1.67,-2.08,-9.42,1.91,27.0,2.0,31.9,6,24,0,72.42,shallow_breaker,0.047,0.047,2025-12-15 14:05:07,2025-12-12
Securitas AB ser. B,270,142.8,125.85,-11.87,46,1183,2022-09-16,96.93,improving,-1.69,-2.09,-9.42,1.93,21.9,2.0,32.6,5,24,0,72.45,shallow_breaker,0.046,0.046,2025-12-15 14:05:10,2025-12-12
Securitas AB ser. B,365,142.8,125.85,-11.87,44,1183,2022-09-16,97.07,improving,-1.65,-2.09,-9.42,1.96,23.0,2.0,34.1,5,24,0,72.53,shallow_breaker,0.044,0.044,2025-12-15 14:05:12,2025-12-12
Sinch AB,30,31.05,25.76,-17.04,172,21,2025-11-21,88.53,stable,-1.98,-3.24,-24.16,3.69,12.5,3.0,8.7,21,20,4,41.22,shallow_breaker,0.1534,0.1534,2025-12-15 14:05:15,2025-12-12
Sinch AB,90,31.05,25.76,-17.04,112,21,2025-11-21,92.53,stable,-2.2,-3.41,-24.16,4.02,19.3,3.0,13.4,15,17,4,42.08,predictable_cycles,0.0779,0.0779,2025-12-15 14:05:17,2025-12-12
Sinch AB,180,31.05,24.58,-20.84,77,249,2025-04-07,94.87,stable,-2.22,-3.63,-24.16,4.44,25.2,3.0,19.5,12,17,0,57.96,predictable_cycles,0.077,0.077,2025-12-15 14:05:17,2025-12-12
Sinch AB,270,31.05,15.7,-49.45,73,249,2025-04-07,95.13,stable,-2.18,-3.57,-24.16,4.49,26.6,3.0,20.5,10,17,0,58.02,predictable_cycles,0.073,0.073,2025-12-15 14:05:19,2025-12-12
Sinch AB,365,31.05,15.7,-49.45,61,249,2025-04-07,95.93,improving,-2.27,-3.83,-24.16,4.8,31.9,3.0,24.6,10,17,0,57.93,predictable_cycles,0.0573,0.061,2025-12-15 14:05:23,2025-12-12
Skandinaviska Enskilda Banken ser. A,30,189.55,175.15,-7.6,83,23,2025-11-19,94.47,stable,-1.3,-2.17,-14.11,2.56,25.5,3.0,18.1,22,9,5,46.03,shallow_breaker,0.0526,0.0526,2025-12-15 14:05:26,2025-12-12
Skandinaviska Enskilda Banken ser. A,90,189.55,175.15,-7.6,34,249,2025-04-07,97.73,stable,-1.55,-2.91,-14.11,3.18,56.3,3.0,44.1,9,8,0,63.04,shallow_breaker,0.0181,0.034,2025-12-15 14:05:28,2025-12-12
Skandinaviska Enskilda Banken ser. A,180,189.55,161.7,-14.69,17,249,2025-04-07,98.87,stable,-2.36,-4.39,-14.11,3.8,116.1,2.0,88.2,3,8,0,65.17,predictable_cycles,0.0044,0.0088,2025-12-15 14:05:31,2025-12-12
Skandinaviska Enskilda Banken ser. A,270,189.55,123.85,-34.66,15,249,2025-04-07,99.0,stable,-2.0,-4.35,-14.11,3.91,132.7,2.5,100.0,3,8,0,65.79,shallow_breaker,0.0033,0.0065,2025-12-15 14:05:33,2025-12-12
Skandinaviska Enskilda Banken ser. A,365,189.55,123.85,-34.66,12,249,2025-04-07,99.2,stable,-3.57,-4.87,-14.11,4.11,168.9,3.0,125.0,3,8,0,67.15,predictable_cycles,0.0018,0.0035,2025-12-15 14:05:35,2025-12-12
Skanska AB ser. B,30,248.3,236.1,-4.91,136,21,2025-11-21,90.93,stable,-1.25,-1.82,-12.61,1.96,15.5,3.0,11.0,25,16,3,45.55,shallow_breaker,0.1067,0.1067,2025-12-15 14:05:38,2025-12-12
Skanska AB ser. B,90,248.3,233.0,-6.16,57,247,2025-04-09,96.2,stable,-1.74,-2.48,-12.61,2.45,33.3,3.0,26.3,13,8,0,62.68,shallow_breaker,0.0513,0.057,2025-12-15 14:05:40,2025-12-12
Skanska AB ser. B,180,248.3,218.8,-11.88,44,247,2025-04-09,97.07,stable,-1.77,-2.61,-12.61,2.63,43.4,3.0,34.1,10,8,0,63.11,shallow_breaker,0.0304,0.044,2025-12-15 14:05:42,2025-12-12
Skanska AB ser. B,270,248.3,182.65,-26.44,30,247,2025-04-09,98.0,stable,-1.97,-2.88,-12.61,2.81,64.4,3.0,50.0,6,8,0,64.13,shallow_breaker,0.014,0.028,2025-12-15 14:05:45,2025-12-12
Skanska AB ser. B,365,248.3,182.65,-26.44,29,1170,2022-09-29,98.07,stable,-2.02,-2.89,-12.61,2.86,33.7,3.0,51.7,5,8,0,72.24,predictable_cycles,0.0258,0.029,2025-12-15 14:05:47,2025-12-12
Stora Enso Oyj ser. R,30,110.4,103.7,-6.07,171,57,2025-10-16,88.6,stable,-1.21,-1.71,-8.51,1.57,12.4,3.0,8.8,25,19,0,47.94,shallow_breaker,0.171,0.171,2025-12-15 14:05:47,2025-12-12
Stora Enso Oyj ser. R,90,110.4,93.75,-15.08,100,57,2025-10-16,93.33,stable,-1.26,-1.76,-8.51,1.75,21.3,3.0,15.0,14,19,0,49.44,shallow_breaker,0.1,0.1,2025-12-15 14:05:49,2025-12-12
Stora Enso Oyj ser. R,180,110.4,91.45,-17.16,66,245,2025-04-11,95.6,stable,-1.31,-1.91,-8.51,1.89,29.6,3.0,22.7,11,19,0,63.24,shallow_breaker,0.066,0.066,2025-12-15 14:05:52,2025-12-12
Stora Enso Oyj ser. R,270,110.4,78.75,-28.67,63,245,2025-04-11,95.8,stable,-1.38,-1.96,-8.51,1.92,31.0,3.0,23.8,9,19,0,63.31,shallow_breaker,0.0609,0.063,2025-12-15 14:05:54,2025-12-12
Stora Enso Oyj ser. R,365,110.4,78.75,-28.67,55,245,2025-04-11,96.33,stable,-1.38,-2.03,-8.51,1.99,35.6,3.0,27.3,7,19,0,63.57,shallow_breaker,0.0463,0.055,2025-12-15 14:05:57,2025-12-12
Svenska Cellulosa AB SCA ser. B,30,119.55,117.45,-1.76,170,21,2025-11-21,88.67,stable,-0.88,-1.26,-10.34,1.45,12.7,3.0,8.8,23,17,5,45.75,shallow_breaker,0.1502,0.1502,2025-12-15 14:05:59,2025-12-12
Svenska Cellulosa AB SCA ser. B,90,119.55,117.45,-1.76,80,21,2025-11-21,94.67,stable,-0.8,-1.32,-10.34,1.77,27.2,3.0,18.8,15,11,4,47.59,shallow_breaker,0.0473,0.0473,2025-12-15 14:06:01,2025-12-12
Svenska Cellulosa AB SCA ser. B,180,119.55,117.45,-1.76,45,21,2025-11-21,97.0,stable,-0.9,-1.48,-10.34,1.97,48.8,4.0,33.3,12,11,4,48.88,shallow_breaker,0.0132,0.0214,2025-12-15 14:06:03,2025-12-12
Svenska Cellulosa AB SCA ser. B,270,119.55,117.45,-1.76,31,21,2025-11-21,97.93,stable,-0.94,-1.74,-10.34,2.21,71.6,3.0,48.4,8,11,1,49.7,shallow_breaker,0.0056,0.0112,2025-12-15 14:06:05,2025-12-12
Svenska Cellulosa AB SCA ser. B,365,119.55,117.45,-1.76,25,21,2025-11-21,98.33,stable,-0.91,-1.59,-10.34,2.4,89.5,2.0,60.0,6,11,1,50.25,shallow_breaker,0.0034,0.0069,2025-12-15 14:06:08,2025-12-12
Svenska Handelsbanken ser. A,30,130.1,122.5,-5.84,113,94,2025-09-09,92.47,stable,-0.91,-1.8,-11.98,2.29,18.5,3.0,13.3,25,10,0,50.51,shallow_breaker,0.113,0.113,2025-12-15 14:06:10,2025-12-12
Svenska Handelsbanken ser. A,90,130.1,119.05,-8.49,53,249,2025-04-07,96.47,stable,-1.35,-2.12,-11.4,2.41,36.8,3.0,28.3,12,8,0,63.11,shallow_breaker,0.0432,0.053,2025-12-15 14:06:12,2025-12-12
Svenska Handelsbanken ser. A,180,130.1,114.0,-12.38,32,249,2025-04-07,97.87,stable,-0.9,-1.91,-11.4,2.39,61.8,3.0,46.9,9,7,0,64.85,shallow_breaker,0.0155,0.0311,2025-12-15 14:06:14,2025-12-12
Svenska Handelsbanken ser. A,270,130.1,95.44,-26.64,21,249,2025-04-07,98.6,stable,-1.41,-2.26,-11.4,2.69,95.8,4.5,71.4,7,7,0,66.14,shallow_breaker,0.0066,0.0132,2025-12-15 14:06:17,2025-12-12
Svenska Handelsbanken ser. A,365,130.1,95.44,-26.64,16,1246,2022-07-15,98.93,stable,-1.58,-2.53,-11.4,2.91,61.3,3.0,93.8,5,7,0,75.27,shallow_breaker,0.0078,0.0157,2025-12-15 14:06:17,2025-12-12
Swedbank AB ser A,30,309.1,282.5,-8.61,103,23,2025-11-19,93.13,stable,-1.1,-1.95,-12.41,2.34,21.0,3.0,14.6,22,13,2,45.83,shallow_breaker,0.0718,0.0718,2025-12-15 14:06:19,2025-12-12
Swedbank AB ser A,90,309.1,273.1,-11.65,43,249,2025-04-07,97.13,stable,-1.62,-2.46,-12.41,2.56,45.7,4.0,34.9,10,11,0,63.46,shallow_breaker,0.0282,0.043,2025-12-15 14:06:22,2025-12-12
Swedbank AB ser A,180,309.1,242.7,-21.48,32,249,2025-04-07,97.87,stable,-1.53,-2.34,-12.41,2.5,62.0,4.0,46.9,7,8,0,64.62,shallow_breaker,0.0155,0.031,2025-12-15 14:06:25,2025-12-12
Swedbank AB ser A,270,309.1,186.4,-39.7,22,249,2025-04-07,98.53,stable,-1.73,-2.62,-12.41,2.71,91.5,5.0,68.2,5,8,0,65.86,shallow_breaker,0.0072,0.0144,2025-12-15 14:06:28,2025-12-12
Swedbank AB ser A,365,309.1,186.4,-39.7,21,249,2025-04-07,98.6,stable,-1.62,-2.58,-12.41,2.77,96.0,6.0,71.4,5,8,0,65.99,shallow_breaker,0.0066,0.0131,2025-12-15 14:06:31,2025-12-12
Swedish Orphan Biovitrum AB,30,329.6,318.6,-3.34,125,3,2025-12-09,91.67,stable,-1.23,-1.88,-22.34,2.6,17.5,3.0,12.0,26,15,1,43.33,shallow_breaker,0.0488,0.0488,2025-12-15 14:06:33,2025-12-12
Swedish Orphan Biovitrum AB,90,329.6,262.8,-20.27,51,133,2025-08-01,96.6,stable,-1.71,-2.49,-22.34,3.4,40.7,4.0,29.4,13,10,0,53.3,shallow_breaker,0.0376,0.051,2025-12-15 14:06:35,2025-12-12
Swedish Orphan Biovitrum AB,180,329.6,261.2,-20.75,35,247,2025-04-09,97.67,stable,-1.6,-2.08,-8.81,2.0,56.6,3.5,42.9,7,8,0,65.14,shallow_breaker,0.0186,0.035,2025-12-15 14:06:37,2025-12-12
Swedish Orphan Biovitrum AB,270,329.6,241.8,-26.64,15,247,2025-04-09,99.0,stable,-2.29,-2.56,-8.81,2.29,137.4,6.0,100.0,6,5,0,68.88,predictable_cycles,0.0031,0.0061,2025-12-15 14:06:39,2025-12-12
Swedish Orphan Biovitrum AB,365,329.6,241.8,-26.64,10,247,2025-04-09,99.33,stable,-2.13,-2.92,-8.81,2.47,213.7,11.0,150.0,5,4,0,72.06,predictable_cycles,0.001,0.002,2025-12-15 14:06:42,2025-12-12
TRATON SE,30,331.4,299.0,-9.78,163,52,2025-10-21,89.13,stable,-1.08,-1.72,-13.52,1.93,13.1,3.0,9.2,21,24,0,47.07,shallow_breaker,0.163,0.163,2025-12-15 14:06:44,2025-12-12
TRATON SE,90,331.4,283.4,-14.48,88,52,2025-10-21,94.13,stable,-1.15,-2.03,-13.52,2.33,24.3,2.0,17.0,11,24,0,48.3,shallow_breaker,0.088,0.088,2025-12-15 14:06:46,2025-12-12
TRATON SE,180,331.4,283.4,-14.48,58,52,2025-10-21,96.13,improving,-1.46,-2.4,-13.52,2.57,37.2,2.0,25.9,9,24,0,49.03,shallow_breaker,0.0375,0.0464,2025-12-15 14:06:48,2025-12-12
TRATON SE,270,331.4,281.0,-15.21,52,245,2025-04-11,96.53,improving,-1.42,-2.44,-13.52,2.67,37.7,2.0,28.8,7,24,0,62.37,shallow_breaker,0.0413,0.052,2025-12-15 14:06:49,2025-12-12
TRATON SE,365,331.4,281.0,-15.21,48,245,2025-04-11,96.8,improving,-1.74,-2.6,-13.52,2.72,41.0,2.0,31.2,6,24,0,62.53,shallow_breaker,0.0352,0.048,2025-12-15 14:06:52,2025-12-12
Tele2 AB ser. B,30,147.3,143.05,-2.89,122,28,2025-11-14,91.87,stable,-0.89,-1.66,-11.99,2.2,17.2,3.0,12.3,23,17,8,45.91,shallow_breaker,0.1067,0.1067,2025-12-15 14:06:54,2025-12-12
Tele2 AB ser. B,90,147.3,143.05,-2.89,64,28,2025-11-14,95.73,stable,-0.92,-1.74,-11.99,2.51,32.9,3.0,23.4,11,14,3,47.23,shallow_breaker,0.036,0.0395,2025-12-15 14:06:57,2025-12-12
Tele2 AB ser. B,180,147.3,135.85,-7.77,43,840,2023-08-25,97.13,stable,-1.08,-2.18,-11.99,2.93,30.0,3.0,34.9,7,13,0,70.67,shallow_breaker,0.0429,0.043,2025-12-15 14:06:59,2025-12-12
Tele2 AB ser. B,270,147.3,116.1,-21.18,36,840,2023-08-25,97.6,stable,-1.11,-2.12,-11.99,2.8,36.1,3.0,41.7,6,13,0,71.54,shallow_breaker,0.03,0.036,2025-12-15 14:07:01,2025-12-12
Tele2 AB ser. B,365,147.3,105.65,-28.28,30,840,2023-08-25,98.0,stable,-1.22,-2.38,-11.99,2.98,43.5,3.0,50.0,5,13,0,71.86,shallow_breaker,0.0207,0.03,2025-12-15 14:07:04,2025-12-12
Telia Company AB,30,37.56,36.19,-3.65,170,151,2025-07-14,88.67,improving,-0.62,-1.02,-12.79,1.43,11.9,2.0,8.8,25,22,0,54.7,shallow_breaker,0.17,0.17,2025-12-15 14:07:06,2025-12-12
Telia Company AB,90,37.56,34.97,-6.9,84,151,2025-07-14,94.4,stable,-0.64,-1.18,-12.79,1.84,24.3,2.0,17.9,15,22,0,56.2,shallow_breaker,0.084,0.084,2025-12-15 14:07:08,2025-12-12
Telia Company AB,180,37.56,33.01,-12.11,61,843,2023-08-22,95.93,stable,-0.78,-1.36,-12.79,2.06,22.1,1.5,24.6,10,19,0,71.35,shallow_breaker,0.061,0.061,2025-12-15 14:07:10,2025-12-12
Telia Company AB,270,37.56,32.49,-13.5,53,843,2023-08-22,96.47,stable,-0.82,-1.42,-12.79,2.17,25.5,2.0,28.3,10,12,0,71.55,shallow_breaker,0.053,0.053,2025-12-15 14:07:13,2025-12-12
Telia Company AB,365,37.56,29.6,-21.19,52,843,2023-08-22,96.53,stable,-0.82,-1.43,-12.79,2.19,26.0,2.0,28.8,9,12,0,71.56,shallow_breaker,0.052,0.052,2025-12-15 14:07:15,2025-12-12
Trelleborg AB ser. B,30,393.6,372.2,-5.44,142,71,2025-10-02,90.53,stable,-1.1,-1.78,-19.57,2.4,14.9,3.0,10.6,22,23,0,47.96,shallow_breaker,0.142,0.142,2025-12-15 14:07:17,2025-12-12
Trelleborg AB ser. B,90,393.6,344.4,-12.5,58,136,2025-07-29,96.13,stable,-1.72,-2.61,-12.24,2.7,35.7,3.0,25.9,11,23,0,54.52,shallow_breaker,0.0488,0.058,2025-12-15 14:07:19,2025-12-12
Trelleborg AB ser. B,180,393.6,283.2,-28.05,38,136,2025-07-29,97.47,stable,-1.72,-2.85,-11.06,2.75,55.0,3.0,39.5,7,23,0,55.76,shallow_breaker,0.0207,0.038,2025-12-15 14:07:19,2025-12-12
Trelleborg AB ser. B,270,393.6,283.2,-28.05,32,136,2025-07-29,97.87,stable,-2.28,-3.1,-11.06,2.9,65.6,3.0,46.9,5,23,0,56.09,predictable_cycles,0.0146,0.0293,2025-12-15 14:07:22,2025-12-12
Trelleborg AB ser. B,365,393.6,283.2,-28.05,31,136,2025-07-29,97.93,stable,-2.3,-3.18,-11.06,2.91,67.8,3.0,48.4,4,23,0,56.18,predictable_cycles,0.0137,0.0274,2025-12-15 14:07:25,2025-12-12
Volvo Car AB ser. B,30,32.7,30.5,-6.73,135,172,2025-06-23,87.01,stable,-1.55,-2.25,-12.44,2.12,9.3,3.0,7.7,12,28,0,54.17,shallow_breaker,0.1949,0.1949,2025-12-15 14:07:27,2025-12-12
Volvo Car AB ser. B,90,32.7,18.42,-43.67,91,172,2025-06-23,91.24,stable,-1.95,-2.25,-10.17,1.91,13.6,3.0,11.4,9,24,0,56.12,shallow_breaker,0.1314,0.1314,2025-12-15 14:07:29,2025-12-12
Volvo Car AB ser. B,180,32.7,15.94,-51.25,64,172,2025-06-23,93.84,stable,-2.07,-2.29,-10.17,1.94,19.1,3.0,16.2,8,16,0,57.17,predictable_cycles,0.0924,0.0924,2025-12-15 14:07:31,2025-12-12
Volvo Car AB ser. B,270,32.7,15.94,-51.25,57,172,2025-06-23,94.51,stable,-1.83,-2.13,-10.17,1.9,21.5,3.0,18.2,8,16,0,57.59,shallow_breaker,0.0823,0.0823,2025-12-15 14:07:32,2025-12-12
Volvo Car AB ser. B,365,32.7,15.94,-51.25,57,172,2025-06-23,94.51,stable,-1.83,-2.13,-10.17,1.9,21.5,3.0,18.2,8,16,0,57.59,shallow_breaker,0.0823,0.0823,2025-12-15 14:07:34,2025-12-12
"Volvo, AB ser. B",30,296.4,255.5,-13.8,114,56,2025-10-17,92.4,stable,-1.11,-1.88,-10.85,2.12,18.7,4.0,13.2,26,13,0,48.22,shallow_breaker,0.114,0.114,2025-12-15 14:07:36,2025-12-12
"Volvo, AB ser. B",90,296.4,244.9,-17.38,49,56,2025-10-17,96.73,stable,-1.19,-2.45,-9.21,2.56,44.0,3.0,30.6,12,10,0,49.84,shallow_breaker,0.0253,0.0371,2025-12-15 14:07:38,2025-12-12
"Volvo, AB ser. B",180,296.4,244.9,-17.38,38,249,2025-04-07,97.47,stable,-1.24,-2.56,-9.21,2.67,51.9,3.0,39.5,7,10,0,63.66,shallow_breaker,0.022,0.038,2025-12-15 14:07:40,2025-12-12
"Volvo, AB ser. B",270,296.4,220.8,-25.51,32,249,2025-04-07,97.87,stable,-1.47,-2.58,-9.21,2.73,62.0,3.0,46.9,6,10,0,64.17,shallow_breaker,0.0155,0.031,2025-12-15 14:07:42,2025-12-12
"Volvo, AB ser. B",365,296.4,220.8,-25.51,28,249,2025-04-07,98.13,stable,-1.85,-2.8,-9.21,2.84,71.1,3.0,53.6,5,10,0,64.47,shallow_breaker,0.0118,0.0236,2025-12-15 14:07:45,2025-12-12
